title,categories,difficulty,hints,series,youtube
13 Sentinels: Aegis Rim ~ Brat Overflow,Screen,Lunatic,,13 Sentinels,https://www.youtube.com/watch?v=8iWxf5IruMQ
13 Sentinels: Aegis Rim ~ EDGE OF THE FUTURE,"Battle, Final Boss",Merciless,,13 Sentinels,https://www.youtube.com/watch?v=qWuuA0lSTRA
13 Sentinels: Aegis Rim ~ Halcyon Days,Locale,Tough,,13 Sentinels,https://www.youtube.com/watch?v=Tojb3J6-u-I
2064: ROM ~ Step Careful (Lexi's Theme),Character,Lunatic,,"Indie, Read Only Memories",https://youtu.be/Tll6wL9MtLU
2064: ROM ~ Turing's Theme,Character,Lunatic,,"Indie, Read Only Memories",https://youtu.be/a6Frw9NeTD8
999 ~ Binary Game,Locale,Tough,In the cabins,"Spike Chunsoft, 999",https://youtu.be/SiQZiqtlGAU
999 ~ Chill and Rigor,Other,Normal,A bad ending...,"Spike Chunsoft, 999",https://youtu.be/q1MTFmXwPKM
999 ~ Septenary Game,Locale,Tough,With Seven,"Spike Chunsoft, 999",https://youtu.be/hzQ3jse4ars
A Hat in Time ~ Beta File Select,Screen,Merciless,An unused theme,"Indie, A Hat in Time",https://www.youtube.com/watch?v=xNiFSx6K--U
A Hat in Time ~ Clocktowers Beneath the Sea,Locale,Normal,,"Indie, A Hat in Time",https://youtu.be/drT1uOViuz4
A Hat in Time ~ Oh It's You,Other,Normal,,"Indie, A Hat in Time",https://youtu.be/Wxoap9xp2_k
A Hat in Time ~ Rush Hour,Other,Tough,,"Indie, A Hat in Time",https://www.youtube.com/watch?v=OXBcBugpHZg
A Hat in Time ~ Scootin' through Clocktowers Beneath the Sea,"Locale, Object",Tough,Gotta go fast version,"Indie, A Hat in Time",https://youtu.be/CbmjqyB41vI?si=pwWDmOfW3IVSm5aE
A Hat in Time ~ Subcon Forest,"Locale, Nature, Forest, Spooky",Tough,,"Indie, A Hat in Time",https://youtu.be/tLi2zO9Du2c
A Hat in Time ~ The Battle of Award 42,"Battle, Boss, Character",Tough,,"Indie, A Hat in Time",https://youtu.be/fPhIls8a3cM
A Hat in Time ~ Title Screen,"Screen, Other",Normal,,"Indie, A Hat in Time",https://youtu.be/hQrYhnR-qu8
A Hat in Time ~ You Are All Bad Guys,"Battle, Adversary, Final Boss",Tough,Are we the baddies?,"Indie, A Hat in Time",https://youtu.be/eaiK4eLaizI
A Hat in Time ~ You Are Now Legally a Bird,Other,Lunatic,,"Indie, A Hat in Time",https://youtu.be/qjQbkKP32l4
A Hat in Time ~ Your Contract Has Expired,"Battle, Boss, Character",Easy,,"Indie, A Hat in Time",https://youtu.be/BePP156LQgY
A Link Between Worlds ~ Ice Ruins,"Dungeon, Snowy",Tough,,"Nintendo, The Legend of Zelda",https://www.youtube.com/watch?v=Xnge6Xy4nio
A Short Hike ~ Nap Time,Credits,Tough,,"Indie, Other",https://youtu.be/Hv-2uR62xmA
"A Short Hike ~ Snow, Lots of Snow","Locale, Nature, Snowy",Lunatic,Almost to the peak,"Indie, Other",https://youtu.be/9tk9mEqnOiM
A Short Hike ~ Somewhere In The Woods,"Locale, Nature, Forest",Tough,,"Indie, Other",https://youtu.be/zvb8hTgVyyI
"Ace Attorney ~ Damon Gant - Swimming, Anyone?","Character, Adversary",Tough,,"Capcom, Ace Attorney",https://www.youtube.com/watch?v=HNBhziViepg
Ace Attorney ~ Defendant Lobby - So it Begins,Locale,Easy,,"Capcom, Ace Attorney",https://www.youtube.com/watch?v=h29zK6_VstU
Ace Attorney ~ Detention Center - Jailers' Elegy,Locale,Easy,,"Capcom, Ace Attorney",https://youtu.be/B8eTxPdU4sQ?si=8PS-IAqY7S8jZsSJ
Ace Attorney ~ Dick Gumshoe,Character,Easy,"This is my theme, pal!","Capcom, Ace Attorney",https://www.youtube.com/watch?v=pLtzOZe1vZI
Ace Attorney ~ Ema Skye - Turnabout Sisters 2005,Character,Normal,,"Capcom, Ace Attorney",https://www.youtube.com/watch?v=2FXO-QVjh9g
Ace Attorney ~ Jingle - There's No Stopping Here,Jingles,Easy,,"Capcom, Ace Attorney",https://www.youtube.com/watch?v=yQpyHftAF5U
"Ace Attorney ~ Marvin Grossberg - Old Age, Regret, Retribution",Character,Normal,,"Capcom, Ace Attorney",https://youtu.be/dr4fdf8F3Yk?si=zbnDJFYZkeHcEVOE
Ace Attorney ~ Maya Fey - Turnabout Sisters 2001,Character,Easy,,"Capcom, Ace Attorney",https://www.youtube.com/watch?v=upOhRRYVGkA
Ace Attorney ~ Objection! 2001,"Character, Event",Easy,,"Capcom, Ace Attorney",https://youtu.be/ANcuqk7x33o?si=NQZB9jawmaann-k0
Ace Attorney ~ Phoenix Wright: Ace Attorney - Ending,Credits,Normal,,"Capcom, Ace Attorney",https://www.youtube.com/watch?v=en8l-_-rBgw
Ace Attorney ~ Pursuit - Corner the Culprit,Event,Easy,,"Capcom, Ace Attorney",https://www.youtube.com/watch?v=UxnvGDK0WGM
Ace Attorney ~ Recollection - The DL-6 Incident,Cutscene,Easy,,"Capcom, Ace Attorney",https://youtu.be/V32y9gHJP0E?si=q3I5BMeDeey7xau6
Ace Attorney ~ Rise from the Ashes - End,Credits,Tough,,"Capcom, Ace Attorney",https://www.youtube.com/watch?v=ANcWZHFIcIM
Ace Attorney ~ The Blue Badger - I Want to Protect You,Object,Easy,The (terrible) mascot of AA,"Capcom, Ace Attorney",https://www.youtube.com/watch?v=5_tPakMnuyI
Ace Attorney ~ The Steel Samurai,Character,Easy,,"Capcom, Ace Attorney",https://youtu.be/UPdY_f1ybn8?si=Ai0s-36p3vRN9A3L
Ace Attorney ~ Trial,Locale,Easy,,"Capcom, Ace Attorney",https://youtu.be/UEGVxLs6Sr0?si=zI8hBwLzpuErytHd
Ace Attorney Investigations ~ Calisto Yew,"Character, Adversary",Tough,,"Capcom, Ace Attorney",https://www.youtube.com/watch?v=2nNsmuTuIjc
Ace Attorney Investigations ~ Two Embassies - The Lands of Butterflies and Flowers,Locale,Normal,Mustard and ketchup style building,"Capcom, Ace Attorney",https://youtu.be/PnpCtVzKbnc
Ace Attorney Investigations ~ Tyrell Badd - The Truth Is Never Sweet,Character,Normal,He loves lollipops,"Capcom, Ace Attorney",https://youtu.be/R9Tex8sMZDk
AI The Somnium Files ~ Man in the Girls' High,Locale,Lunatic,,Spike Chunsoft,https://www.youtube.com/watch?v=6-pp5AHSp00
Among Us ~ Report,Jingles,Easy,Sus? Sus? Sus?,"Indie, Among Us",https://www.youtube.com/watch?v=r-Iub0WkoMs
Animal Crossing ~ K.K. Condor,"Credits, Event",Tough,,"Nintendo, Animal Crossing",https://youtu.be/vReG54sCCOw?si=2RrQnN4LHLzWX6c7
Animal Crossing: City Folk ~ 1 PM,Locale,Tough,,"Nintendo, Animal Crossing",https://youtu.be/ZDGoTJufhkY?si=QTbutB-rHTgztVN3
Animal Crossing: City Folk ~ 12 PM,Locale,Tough,,"Nintendo, Animal Crossing",https://youtu.be/W6MS31srM4w?si=H3FwylbiMH9C7yI1
Animal Crossing: City Folk ~ Able Sisters,Character,Easy,,"Nintendo, Animal Crossing",https://youtu.be/SQ363fbTgmA?si=DOeZyDGUvNDmZZVR
Animal Crossing: City Folk ~ Title,"Screen, Other",Easy,,"Nintendo, Animal Crossing",https://youtu.be/7BaRMrsrqy0?si=sJZRLDXIcZEu_mM9
Animal Crossing: Happy Home Designer ~ Snowy Downtown,"Locale, Town & City, Snowy",Tough,,"Nintendo, Animal Crossing",https://www.youtube.com/watch?v=33QIoWVg8zU
Animal Crossing: New Horizons ~ Title,"Screen, Other",Easy,,"Nintendo, Animal Crossing",https://youtu.be/v3L8wymhZRA?si=Ni_fVpU4ED6GeWQX
Animal Crossing: New Leaf ~ Toy Day,"Event, Snowy",Normal,It's not Christmas,"Nintendo, Animal Crossing",https://www.youtube.com/watch?v=pAJ2rto1fYw
"Another Crab's Treasure ~ Roland, Venture Crabitalist","Character, Battle, Boss, Aquatic",Lunatic,"ALLEY.... OOP- aw, shit.",Indie,https://www.youtube.com/watch?v=J4rcv5vd6gU
Another Crab's Treasure ~ The Mess I Made,"Credits, Vocals",Tough,,Indie,https://www.youtube.com/watch?v=79grTRdNAQI
ANTONBLAST ~ Idle Hands,Locale,Lunatic,,"Indie, Other",https://youtu.be/6ToDuVDI9-8?si=XohNfNjVb2b9iAWz
ANTONBLAST ~ The Big Bath,Locale,Lunatic,,"Indie, Other",https://youtu.be/r6UnF1Mhvv4?si=A6xihegLIxO4iG3i
Ape Escape ~ Specter Circus,Locale,Lunatic,,Sony,https://www.youtube.com/watch?v=gmA0xfaNNfs
Ape Escape 3 ~ Fantsy Knight,Jingles,Tough,,Sony,https://www.youtube.com/watch?v=N3kwk2188SM
Ape Escape 3 ~ Seaside Resort,"Locale, Aquatic",Tough,,Sony,https://www.youtube.com/watch?v=mzU22xmJqt0
Ape Escape 3 ~ Wild West Town,"Locale, Desert",Tough,,Sony,https://www.youtube.com/watch?v=H0nC--PTIps
Apollo Justice ~ A New Trial is in Session! - Objection! 2007,"Character, Event",Normal,,"Capcom, Ace Attorney",https://youtu.be/5kI6-rGRmSI?si=rCSa6hctNift1xVp
Apollo Justice ~ Ema Skye - Scientific Detective,Character,Normal,,"Capcom, Ace Attorney",https://youtu.be/c7rywnWMLyc?si=HZnSKCM7rjSEFtS6
Apollo Justice ~ End,Credits,Normal,,"Capcom, Ace Attorney",https://youtu.be/cURga_rrpcc?si=HNaTeBz_r53Iz7tL
Apollo Justice ~ The Guitar's Serenade,Cutscene,Normal,,"Capcom, Ace Attorney",https://youtu.be/iQbbu_YAt2Y?si=hZS-LCQcvWVBkUMl
Apollo Justice ~ Trial,Locale,Normal,,"Capcom, Ace Attorney",https://youtu.be/w_lPgaV2bXw?si=h8jYOrS9DoRaEX_C
Apollo Justice ~ Troupe Gramarye,Character,Normal,,"Capcom, Ace Attorney",https://youtu.be/HP3FMYYb12Q?si=l2r5MLpLJLOA5peE
Apollo Justice ~ Trucy's Theme - Child of Magic,Character,Easy,,"Capcom, Ace Attorney",https://youtu.be/nyeM6Kywxp0?si=AnRjr4N3XkYvt7Wx
Assassin's Creed 2 ~ Jesper Kyd - Home in Florence,Locale,Merciless,,"Ubisoft, Assassin's Creed",https://youtu.be/ztTjQB89v6U?si=4PySpOHm70OrqCsV
Astro Bot ~ Cooling Springs (ASTRO BOT Remix),Locale,Normal,,"Sony, Astro Bot",https://youtu.be/PCh7oa2Hay4
Astro Bot ~ Crash Site,Locale,Normal,,"Sony, Astro Bot",https://youtu.be/-Hy786ge-F8?si=pJe6zmFzwVd8VKr2
Banjo Kazooie ~ Bubblegloop Swamp,"Locale, Nature",Tough,,"Rare, Banjo-Kazooie",https://youtu.be/5v-WHJLB3Ek?si=V3ZxUiQPRy8A_d7H
Banjo Kazooie ~ Clanker's Cavern,"Locale, Aquatic",Tough,,"Rare, Banjo-Kazooie",https://youtu.be/lw9_kFrLHjs?si=bGlMdAJ91xwkcIrz
Banjo Kazooie ~ Click Clock Wood (Spring),"Locale, Nature, Forest",Normal,,"Rare, Banjo-Kazooie",https://youtu.be/PmBY55olVWY?si=W5sg0CGrpeNlAe5M
Banjo Kazooie ~ Gobi's Valley,"Locale, Desert",Tough,,"Rare, Banjo-Kazooie",https://youtu.be/4qGVCijjJlk?si=fYbF81SRJxhUGVKi
Banjo Kazooie ~ Gruntilda's Lair,Locale,Easy,,"Rare, Banjo-Kazooie",https://youtu.be/_MjB4QYrNBY?si=xFTp_2hdw0PgUn9x
Banjo Kazooie ~ Grunty's Furnace Fun,"Locale, Fiery",Tough,,"Rare, Banjo-Kazooie",https://youtu.be/jQdNP3TGvsA?si=I5RJQG2ckITPQIVM
Banjo Kazooie ~ Mad Monster Mansion,"Locale, Spooky",Normal,,"Rare, Banjo-Kazooie",https://youtu.be/VrdeAwCieuU?si=daUGrn2FiSRGt4eI
Banjo Kazooie ~ Mumbo's Mountain,"Locale, Nature",Normal,,"Rare, Banjo-Kazooie",https://youtu.be/o84aZ6iQoKA?si=yqknftJ6NjMAOOTK
Banjo Kazooie ~ Rusty Bucket Bay,Locale,Tough,,"Rare, Banjo-Kazooie",https://youtu.be/GSv-v-uSxSA?si=N1aTGwbfRE_1Ors9
Banjo Kazooie ~ Treasure Trove Cove,"Locale, Nature, Aquatic",Normal,,"Rare, Banjo-Kazooie",https://youtu.be/wP8uBFQHSG4?si=xys_azcIUWXipFox
Banjo Kazooie ~ Turbo Talon Trot,"Event, Other, Jingles",Tough,,"Rare, Banjo-Kazooie",https://youtu.be/HQ4NkdeZZMg?si=5jv1FzDZlOwonkXz
Banjo-Kazooie ~ Collect Note,Jingles,Easy,,"Rare, Banjo-Kazooie",https://www.youtube.com/watch?v=sfpnP7F396s
Banjo-Kazooie ~ Final Battle,"Battle, Final Boss",Normal,,"Rare, Banjo-Kazooie",https://www.youtube.com/watch?v=k89y_LZuSYU
Banjo-Kazooie ~ Freezeezy Peak,"Locale, Snowy",Normal,,"Rare, Banjo-Kazooie",https://www.youtube.com/watch?v=DsVNLCGB1Uk
Banjo-Kazooie ~ Main Title,"Screen, Other",Easy,,"Rare, Banjo-Kazooie",https://www.youtube.com/watch?v=buOhUGJ9Pvc
Banjo-Kazooie ~ Spiral Mountain,"Locale, Nature",Easy,,"Rare, Banjo-Kazooie",https://www.youtube.com/watch?v=IlzflkN7g-U
Barnyard ~ Bike Theme 1,"Object, Event, Other",Merciless,You can hear Pari screaming,Other,https://youtu.be/MM8XbjtASZA?si=aucb7Z1_bd7XYS-Q
Beetlejuice ~ House (Stage 1),Locale,Merciless,,Rare,https://www.youtube.com/watch?v=qJ8pGI8IJlk
Black & White ~ Abyssal Ruins,"Locale, Aquatic",Lunatic,,"Nintendo, Pokemon",https://youtu.be/I1XNp3SWPvU?si=yBHlKljqlU6TmB70
Black & White ~ Accumula Town,"Locale, Town & City",Easy,,"Nintendo, Pokemon",https://www.youtube.com/watch?v=uDifmU95_W4
Black & White ~ Battle! (Champion),"Battle, Boss",Lunatic,,"Nintendo, Pokemon",https://youtu.be/SJpKO97pkOU?si=KUfFXBUDc6urbqSN
Black & White ~ Battle! (Ghetsis),"Battle, Final Boss",Normal,,"Nintendo, Pokemon",https://youtu.be/R_o00qHd8p0?si=ur73kyiune17H8KG
Black & White ~ Battle! (Gym Leader),"Battle, Boss",Easy,,"Nintendo, Pokemon",https://youtu.be/zC8rtRuXJwM?si=DvKTOfqApdPdql6W
Black & White ~ Battle! (Kyurem),Battle,Lunatic,The empty husk,"Nintendo, Pokemon",https://youtu.be/O5M6ZjagAAs?si=b38CaykTwL19hx8o
Black & White ~ Battle! (Reshiram/Zekrom),Battle,Normal,Black or white?,"Nintendo, Pokemon",https://youtu.be/6PvpqAnobOQ?si=IljNXy3j9pbA0Wc9
Black & White ~ Battle! Elite Four,"Battle, Boss",Tough,"Ghost, psychic, dark, fighting","Nintendo, Pokemon",https://youtu.be/llnXhrCn9Yo
Black & White ~ Battle! N (Final Battle),"Battle, Boss",Tough,Truth or ideals?,"Nintendo, Pokemon",https://youtu.be/O0ajBL15Knk
Black & White ~ Battle! Subway Trainer,Battle,Lunatic,All aboard!,"Nintendo, Pokemon",https://youtu.be/Bu8zggV5mxs
Black & White ~ Black City,"Locale, Town & City",Tough,Version exclusive city,"Nintendo, Pokemon",https://www.youtube.com/watch?v=KQ3PzgYN8BI
Black & White ~ Celestial Tower,Locale,Normal,Ring the bell...,"Nintendo, Pokemon",https://www.youtube.com/watch?v=VBb-j9QQ1Qw
Black & White ~ Champion Alder,Character,Tough,,"Nintendo, Pokemon",https://youtu.be/hK85oy8R64k?si=LQqhD944f6DtllIp
Black & White ~ Cheren's Theme,"Character, Adversary",Normal,,"Nintendo, Pokemon",https://youtu.be/wkDOHtGcQz4
Black & White ~ Dragonspiral Tower,Locale,Normal,,"Nintendo, Pokemon",https://youtu.be/VBb-j9QQ1Qw?si=FUrlrLDLDfyTW8TT
Black & White ~ Driftveil City,"Locale, Town & City",Easy,,"Nintendo, Pokemon",https://youtu.be/9hZ7gYB4E_c?si=XVy9grI9DWG_7Opm
Black & White ~ Embracing One's Duty,Locale,Tough,Chasing after N,"Nintendo, Pokemon",https://youtu.be/5GvINooBvRw
Black & White ~ Ending - Onward to Our Own Futures,Credits,Normal,,"Nintendo, Pokemon",https://youtu.be/9rgJfXbvkdM?si=q4muh0CSH6GdPssI
Black & White ~ Entralink,Locale,Tough,,"Nintendo, Pokemon",https://youtu.be/cmUynWUzoXE?si=1LEKZ4nvrhabI_Hm
Black & White ~ Icirrus City,"Locale, Snowy",Tough,,"Nintendo, Pokemon",https://youtu.be/-TlmsGam4ks?si=aWpIl1R8GhhQjzyz
Black & White ~ Marvelous Bridge,Locale,Lunatic,,"Nintendo, Pokemon",https://youtu.be/uoRrAvdGGL4?si=KeQNWBEnKKQKCM51
Black & White ~ N's Farewell,Cutscene,Normal,,"Nintendo, Pokemon",https://youtu.be/EJOAV_-XihI?si=gHoWSU-OL_kIihJh
Black & White ~ Nimbasa City,"Locale, Town & City",Normal,,"Nintendo, Pokemon",https://youtu.be/3VfLuG3ZLgU?si=GrkVq_05FPCPFaDE
Black & White ~ Nuvema Town,"Locale, Town & City",Easy,,"Nintendo, Pokemon",https://youtu.be/uP5NY2VyRZo?si=n3DN7sJtBWpFwYeQ
Black & White ~ Opelucid City (Pokémon Black),"Locale, Town & City",Tough,,"Nintendo, Pokemon",https://youtu.be/xRWWKVPlaeo?si=l-dzoX0yjcG7Ny3J
Black & White ~ Opelucid City (Pokémon White),"Locale, Town & City",Tough,,"Nintendo, Pokemon",https://youtu.be/uexroE8wGys?si=dZ8dIcaKU51RVWbW
Black & White ~ Poké Transfer: Catch Your Pokémon!,Event,Lunatic,,"Nintendo, Pokemon",https://youtu.be/etfrBXf9scs?si=SdXmA1WwqM-PEagi
Black & White ~ Relic Castle,"Locale, Dungeon, Desert",Tough,,"Nintendo, Pokemon",https://youtu.be/uCePib3iWXE?si=98TOKYBI0monZ08o
Black & White ~ Route 10,Locale,Easy,,"Nintendo, Pokemon",https://www.youtube.com/watch?v=465uaHc-r6A
Black & White ~ Skyarrow Bridge,Locale,Normal,,"Nintendo, Pokemon",https://youtu.be/JX9H2OBfVeQ?si=ElDxjaxTv91MCL6O
Black & White ~ Someone's Entralink,Locale,Merciless,,"Nintendo, Pokemon",https://youtu.be/I2ClpSMyJK8?si=e8gEG4MIhEx6bhIB
Black & White ~ The Dreamyard,Locale,Normal,,"Nintendo, Pokemon",https://youtu.be/PraFJT_Cv34?si=B-f8O-4Gx9vWOYH8
"Black & White ~ The Pokémon Child, N","Locale, Character",Tough,,"Nintendo, Pokemon",https://youtu.be/7UdtSL8oPQU?si=effdzihu_-4Oxyi0
Black & White ~ Tubeline Bridge,Locale,Lunatic,,"Nintendo, Pokemon",https://youtu.be/oMOpYzy3jao?si=ZlfvQTKZANPkwXLq
Black & White ~ Village Bridge,Locale,Tough,,"Nintendo, Pokemon",https://youtu.be/RaORKqpr19g?si=-Q2aIN3sy6BTq9Nm
Black 2 & White 2 ~ Battle! (Champion Iris),"Battle, Final Boss",Normal,The girl who knows the hearts of dragons,"Nintendo, Pokemon",https://www.youtube.com/watch?v=BDaH0OF_zFY
Black 2 & White 2 ~ Castelia City Gym,Locale,Lunatic,,"Nintendo, Pokemon",https://www.youtube.com/watch?v=2uyqRmNxcb8
Black 2 & White 2 ~ Marine Tube,"Locale, Aquatic",Tough,,"Nintendo, Pokemon",https://www.youtube.com/watch?v=hqTYs-UQQVc
Black 2 & White 2 ~ Opelucid City Gym,Locale,Lunatic,,"Nintendo, Pokemon",https://www.youtube.com/watch?v=AIA-NmWvQDA
Black 2 & White 2 ~ Rival's Theme,"Character, Adversary",Tough,,"Nintendo, Pokemon",https://www.youtube.com/watch?v=Lkw07p2q8zc
Black 2 & White 2 ~ Route 19 (Spring/Summer),Locale,Tough,,"Nintendo, Pokemon",https://www.youtube.com/watch?v=d0WnGZT3HMM
Blue Dragon ~ Eternity,"Boss, Vocals",Tough,,Microsoft,https://www.youtube.com/watch?v=HBlsgXKHps0
Bravely Default ~ Into the Enemy Territory,Dungeon,Tough,,"Square Enix, Bravely Default",https://www.youtube.com/watch?v=bEuQ89Boz6A
Bravely Default ~ Serpent Eating the Ground,"Battle, Final Boss",Tough,,"Square Enix, Bravely Default",https://www.youtube.com/watch?v=pRFgviKp5hA
Bravely Default ~ The Vagrant of Love,Character,Tough,,"Square Enix, Bravely Default",https://www.youtube.com/watch?v=m05i7PWMe-U
Bravely Second: End Layer ~ Battle of Oblivion,"Battle, Boss",Tough,,"Square Enix, Bravely Default",https://www.youtube.com/watch?v=auAIYM_Zpco
"Bravely Second: End Layer ~ I'll Take This One, Too",Locale,Tough,,"Square Enix, Bravely Default",https://www.youtube.com/watch?v=pYv1fZxQQp8
Bread & Fred ~ Friendly Foothills,"Locale, Snowy",Lunatic,,"Indie, Bread & Fred",https://www.youtube.com/watch?v=E2EJYSSZLX8
Breath of the Wild ~ A Promise with Sidon,"Character, Cutscene",Lunatic,,"Nintendo, The Legend of Zelda",https://youtu.be/x3bZpUSHEyA?si=kLg1AHHwXs52_jpK
Breath of the Wild ~ Attack on Vah Ruta,Battle,Tough,,"Nintendo, The Legend of Zelda",https://www.youtube.com/watch?v=_49Yc_J5Eyk
Breath of the Wild ~ Calamity Ganon Phase 1,"Battle, Final Boss",Normal,,"Nintendo, The Legend of Zelda",https://www.youtube.com/watch?v=RhKROT_P7xo
Breath of the Wild ~ Molduga Battle,"Battle, Desert",Normal,,"Nintendo, The Legend of Zelda",https://www.youtube.com/watch?v=_lA6KS6HXDM
Breath of the Wild ~ Mount Hylia,"Locale, Snowy, Nature",Normal,,"Nintendo, The Legend of Zelda",https://www.youtube.com/watch?v=bcfnt37J1nQ
Breath of the Wild ~ Talus Battle,Battle,Normal,,"Nintendo, The Legend of Zelda",https://www.youtube.com/watch?v=z2vaSlpliEs
Brilliant Diamond & Shining Pearl ~ Eterna Forest,"Locale, Forest, Nature",Easy,,"Nintendo, Pokemon",https://youtu.be/8_lPTZEgo-0?si=g91OXs0I1m12mvUM
Brilliant Diamond & Shining Pearl ~ Old Chateau,"Locale, Spooky",Tough,,"Nintendo, Pokemon",https://youtu.be/pYImwPKKgIU?si=VCk8mhdnLHnoD1lz
Brilliant Diamond Shining Pearl ~ Jubilife City (Day),"Locale, Town & City",Normal,,"Nintendo, Pokemon",https://youtu.be/6hc6vHHfMZ8
Cassette Beasts ~ Kayleigh's Theme,Character,Tough,,"Indie, Cassette Beasts",https://www.youtube.com/watch?v=8qoGrtbujRo
Cassette Beasts ~ Same Old Story,"Battle, Boss, Vocals",Normal,,"Indie, Cassette Beasts",https://www.youtube.com/watch?v=lP2-68Y0onM
Castlevania ~ Stage 01 Vampire Killer,Locale,Easy,,"Konami, Castlevania",https://youtu.be/btgi3TPL3AE
Cave Story ~ Meltdown 2 (Sand Zone),Locale,Tough,,"Indie, Other",https://www.youtube.com/watch?v=Fev-BBnLlaA
Celeste ~ First Steps,Locale,Easy,,"Indie, Celeste",https://www.youtube.com/watch?v=N8OHSXvneOE
Celeste ~ Madeline and Theo,Character,Lunatic,,"Indie, Celeste",https://www.youtube.com/watch?v=__oZ-LYZ8pU
Celeste ~ Resurrections,Other,Easy,Looking in the mirror,"Indie, Celeste",https://www.youtube.com/watch?v=1rwAvUvvQzQ
Celeste ~ Scattered and Lost,Locale,Normal,,"Indie, Celeste",https://www.youtube.com/watch?v=0etenwnI1wo
Chibi Robo! ~ The Final Controntation,Battle,Lunatic,,Nintendo,https://www.youtube.com/watch?v=fbiO2DMF2zs
Chrono Trigger ~ Guardia Millenial Fair,Locale,Normal,,"Square Enix, Chrono Trigger",https://youtu.be/DjEqCQKBBLA
Chulip ~ Gentleman's Teatime,Vocals,Merciless,,Chulip,https://www.youtube.com/watch?v=6QOqiQJ1Fcs
Chulip ~ Happy Shabby Life - Daytime Stroll in Tsurukame Town,"Locale, Town & City",Lunatic,,Chulip,https://www.youtube.com/watch?v=CM1qz-5YF1k
Chulip ~ Smooch of Divine Protection - As Much As Possible,Cutscene,Lunatic,,Chulip,https://www.youtube.com/watch?v=x8okwueVSTM
Club Penguin ~ Paris St. Germain - Ice Fishing,"Snowy, Event",Tough,,Club Penguin,https://www.youtube.com/watch?v=dhKAcYPWonE
Club Penguin ~ Pizzatron 3000,Locale,Tough,,Club Penguin,https://www.youtube.com/watch?v=LEZg_5PcUKI
Club Penguin: Elite Penguin Force ~ Beach,Locale,Lunatic,,Club Penguin,https://www.youtube.com/watch?v=XlUQmR5_NdI
Club Penguin: Elite Penguin Force ~ Main Theme,"Screen, Other",Lunatic,,Club Penguin,https://www.youtube.com/watch?v=sXUfrsDPQis
Club Penguin: Elite Penguin Force ~ Outdoors Theme,Locale,Lunatic,,Club Penguin,https://www.youtube.com/watch?v=TNh1iGgvYxo
Club Penguin: Game Day! ~ Feed-a-Puffle,Event,Merciless,,Club Penguin,https://www.youtube.com/watch?v=qPUkA_5tmeo
Club Penguin: Game Day! ~ Icy Groove,"Event, Snowy",Merciless,,Club Penguin,https://www.youtube.com/watch?v=ThQE_Jw55Uk
Club Penguin: Game Day! ~ Title Screen,"Screen, Other",Lunatic,,Club Penguin,https://www.youtube.com/watch?v=_0jiMQa-Vew
Clubhouse Games: 51 Worldwide Classics ~ Four-in-a-Row,Event,Merciless,,Nintendo,https://youtu.be/GdIdRZWqHpg?si=5431-h9Fa9uWWbdm
Crash Bandicoot ~ Dr. Neo Cortex,"Battle, Boss",Tough,,"Naughty Dog, Crash Bandicoot",https://www.youtube.com/watch?v=efyw7NC4h4k
Crash Bandicoot ~ Main Menu,Screen,Tough,,"Naughty Dog, Crash Bandicoot",https://www.youtube.com/watch?v=XsVHNnITDR0
Crash Bandicoot ~ Ripper Roo,"Battle, Boss",Tough,,"Naughty Dog, Crash Bandicoot",https://www.youtube.com/watch?v=Ijle1x7hqV4
Crash Bandicoot ~ Road To Nowhere/The High Road,Locale,Tough,,"Naughty Dog, Crash Bandicoot",https://www.youtube.com/watch?v=1QlTWHLXjuE
Crash Bandicoot 2 ~ Bear It/Bear Down/Totally Bear,Locale,Tough,,"Naughty Dog, Crash Bandicoot",https://www.youtube.com/watch?v=Cg0Jb2tW7Xk
Crash Bandicoot 2 ~ Main Menu,Screen,Tough,,"Naughty Dog, Crash Bandicoot",https://www.youtube.com/watch?v=zUpgD49_euo
Crash Bandicoot 2 ~ Tiny Tiger,"Battle, Boss",Tough,,"Naughty Dog, Crash Bandicoot",https://www.youtube.com/watch?v=vtDBojaPsic
Crash Bandicoot 3 ~ Main Menu,Screen,Tough,,"Naughty Dog, Crash Bandicoot",https://www.youtube.com/watch?v=F6PoWt8lFgs
Croc - Legend of the Gobbos ~ Desert Island 1,Desert,Tough,,Other,https://www.youtube.com/watch?v=alEHCvMHJPc
Curious George GBA ~ Ship,Locale,Merciless,,Other,https://youtu.be/PFVkinZjH-8?si=Tr4rhweCnma1Uh5W
DANGANRONPA V3 ~ V3 SCRUM (SCRUM DEBATE),Event,Normal,,"Spike Chunsoft, Danganronpa",https://youtu.be/32GWbQt_Zn4
Danganronpa: Trigger Happy Havoc ~ -BREAK-,Event,Normal,,"Spike Chunsoft, Danganronpa",https://youtu.be/gtzA7keHj3o?si=08iJsH3P6Txo3I52
Danganronpa: Trigger Happy Havoc ~ Beautiful Days,Locale,Easy,,"Spike Chunsoft, Danganronpa",https://youtu.be/1fcTehL5YsQ?si=w4C6rN-zSZ9-7jzQ
Danganronpa: Trigger Happy Havoc ~ Beautiful Dead,Locale,Easy,,"Spike Chunsoft, Danganronpa",https://youtu.be/UjU5Joaq5OY?si=EuKXBc5XoKxUp0zi
Danganronpa: Trigger Happy Havoc ~ Climax Reasoning,"Event, Other",Normal,,"Spike Chunsoft, Danganronpa",https://youtu.be/FVVJ7Zjmtpw?si=QOVTDpzmo8YWMd_r
Danganronpa: Trigger Happy Havoc ~ DANGANRONPA,"Screen, Other",Easy,Really? Just listen to the song???,"Spike Chunsoft, Danganronpa",https://youtu.be/3Xxlh9LdkTw?si=nT47kTjbgUz_VspX
Danganronpa: Trigger Happy Havoc ~ Thousand Knocks,Cutscene,Normal,,"Spike Chunsoft, Danganronpa",https://youtu.be/ba-o18U03wY?si=CTykhCxH_6MkDvKF
Dark Souls ~ Knight Artorias,"Battle, Boss",Merciless,,"FromSoftware, Dark Souls",https://youtu.be/Eg4mvKnbYTs?si=ZLq36Qz6tfqXaUdz
Death Road to Canada ~ Green on Green,"Locale, Cutscene",Merciless,Ami traveling to Secret,"Indie, Death Road to Canada",https://www.youtube.com/watch?v=mByPU0n_GHs
Deltarune ~ A CYBER'S WORLD?,Locale,Easy,Welcome to the internet,"Indie, Deltarune",https://www.youtube.com/watch?v=In3y0C7mQvA
Deltarune ~ Attack of the Killer Queen,"Battle, Character, Boss",Easy,,"Indie, Deltarune",https://www.youtube.com/watch?v=vBjscyFC3jo
Deltarune ~ Berdly,Character,Normal,"Um, ackshually...","Indie, Deltarune",https://www.youtube.com/watch?v=2S8I1h-wNzc
Deltarune ~ BIG SHOT,"Battle, Character, Boss",Easy,[Hyperlink blocked],"Indie, Deltarune",https://youtu.be/V31PVkwzpEY?si=Me8oj8bDki8eMc-6
Deltarune ~ Checker Dance,"Battle, Character, Boss",Easy,,"Indie, Deltarune",https://www.youtube.com/watch?v=j54JPLQWdyQ
Deltarune ~ Faint Courage (Game Over),Screen,Normal,,"Indie, Deltarune",https://www.youtube.com/watch?v=TkvdhHEuCNY
Deltarune ~ Field of Hopes and Dreams,"Locale, Nature",Easy,,"Indie, Deltarune",https://www.youtube.com/watch?v=ymNgfwgh1TU
Deltarune ~ Girl Next Door,Character,Normal,Is it Christmas?,"Indie, Deltarune",https://www.youtube.com/watch?v=T6UfG77Bwpo
Deltarune ~ Hip Shop,Screen,Normal,,"Indie, Deltarune",https://www.youtube.com/watch?v=D83BxptHcRc
Deltarune ~ It's Pronounced Rules,"Battle, Character, Boss",Tough,The duke of puzzles himself,"Indie, Deltarune",https://www.youtube.com/watch?v=DQ0aryDlPi4
Deltarune ~ Lancer,Character,Normal,Is that a spade?,"Indie, Deltarune",https://www.youtube.com/watch?v=GAhBQH0Kf1I
Deltarune ~ My Castle Town,"Locale, Town & City",Easy,,"Indie, Deltarune",https://www.youtube.com/watch?v=Bl-YMD6yePc
Deltarune ~ Pandora Palace,"Locale, Dungeon",Normal,,"Indie, Deltarune",https://www.youtube.com/watch?v=q-5cXVcCOUs
Deltarune ~ Queen,Character,Normal,Kris Get The Banana,"Indie, Deltarune",https://www.youtube.com/watch?v=6XQv5CHmITA
Deltarune ~ Quiet Autumn,Screen,Tough,,"Indie, Deltarune",https://www.youtube.com/watch?v=SWAQzCNeGWg
Deltarune ~ Rude Buster,Battle,Easy,,"Indie, Deltarune",https://www.youtube.com/watch?v=GPL5Hkl11IQ
Deltarune ~ Smart Race,Battle,Normal,,"Indie, Deltarune",https://www.youtube.com/watch?v=HZO3xw91eHw
Deltarune ~ Spamton,Character,Normal,You should install antivirus,"Indie, Deltarune",https://www.youtube.com/watch?v=cSm5gKlmw2M
Deltarune ~ The Circus,Locale,Normal,,"Indie, Deltarune",https://www.youtube.com/watch?v=qCNztya--aw
Deltarune ~ THE WORLD REVOLVING,"Battle, Character, Boss",Easy,I can do anything!,"Indie, Deltarune",https://www.youtube.com/watch?v=Z01Tsgwe2dQ
Deltarune ~ Vs. Susie,"Battle, Character, Boss",Easy,,"Indie, Deltarune",https://www.youtube.com/watch?v=cGuDpoJNImA
Deltarune ~ WELCOME TO THE CITY,Locale,Tough,,"Indie, Deltarune",https://www.youtube.com/watch?v=uiou1f5nzlU
Deltarune ~ You Can Always Come Home,Locale,Tough,,"Indie, Deltarune",https://www.youtube.com/watch?v=ntHQOPH7CaU
Diamond & Pearl ~ Amity Square,Locale,Tough,,"Nintendo, Pokemon",https://youtu.be/fSAu8XKbiVo?si=OcfOaogbuKLdxKrU
Diamond & Pearl ~ Battle! (Champion),"Battle, Final Boss",Easy,Ace: Garchomp,"Nintendo, Pokemon",https://youtu.be/fy_bEeFR5-E?si=vVhNxNI5NZONHyno
Diamond & Pearl ~ Battle! (Elite Four),"Battle, Boss",Tough,"Ground, bug, psychic, fire","Nintendo, Pokemon",https://youtu.be/gWSmelAyzL4?si=WtTO4hOEA-rRGf2U
Diamond & Pearl ~ Battle! (Gym Leader),"Battle, Boss",Normal,,"Nintendo, Pokemon",https://youtu.be/nFaz76GP6Dw?si=8i4wWHSczyONi-yD
Diamond & Pearl ~ Battle! (Team Galactic Commander),"Battle, Boss",Normal,,"Nintendo, Pokemon",https://youtu.be/UwSuzEZ0uks?si=ozITltsS1X_WaB_d
Diamond & Pearl ~ Battle! (Team Galactic),Battle,Easy,,"Nintendo, Pokemon",https://youtu.be/t4mf09J6-Cg?si=kOwTjcN4ElsmP6bg
Diamond & Pearl ~ Battle! (Trainer),Battle,Easy,,"Nintendo, Pokemon",https://youtu.be/HBYUd7heRUE?si=V_NWtMnnTQbN1mV8
Diamond & Pearl ~ Battle! (Wild Pokémon),Battle,Easy,,"Nintendo, Pokemon",https://youtu.be/O35J-aNajG4?si=WwZw3jkvI8K__WmF
Diamond & Pearl ~ Bicycle,"Object, Other",Normal,,"Nintendo, Pokemon",https://youtu.be/Us2OJ8Bo5hs?si=LOMHsQtk-J33p4YD
Diamond & Pearl ~ Canalave City (Day),"Locale, Town & City",Normal,,"Nintendo, Pokemon",https://youtu.be/gQaddqGL1Do?si=APR3H3J7DrhtNXjL
Diamond & Pearl ~ Captured a Flag Underground!,Event,Lunatic,,"Nintendo, Pokemon",https://youtu.be/TEUI434RCUo?si=mKUFeX7cK_pxocs-
Diamond & Pearl ~ Champion Cynthia,Character,Easy,,"Nintendo, Pokemon",https://youtu.be/fy_bEeFR5-E?si=m7ysY3Q77CMNCi5T
Diamond & Pearl ~ Eterna City,"Locale, Town & City",Normal,,"Nintendo, Pokemon",https://youtu.be/Jb5gWqUBtvk?si=6EQSkK-AChx8-kJn
Diamond & Pearl ~ Floaroma Town (Day),"Locale, Town & City",Normal,,"Nintendo, Pokemon",https://youtu.be/r8AB6VzBsE4?si=D3cs0oUYRZohrTYV
Diamond & Pearl ~ Game Corner,Locale,Normal,,"Nintendo, Pokemon",https://youtu.be/xaF-QdRhvrE?si=baQ8qQAqzqWTJF3g
Diamond & Pearl ~ GTS,Locale,Lunatic,,"Nintendo, Pokemon",https://youtu.be/_Gb4fqViI4U?si=iHV-e6xX5ertuWFq
Diamond & Pearl ~ Hearthome City,"Locale, Town & City",Normal,,"Nintendo, Pokemon",https://youtu.be/eXea1obqc-M?si=NndROUIOI4ABOLMT
Diamond & Pearl ~ Inside Stark Mountain,"Locale, Dungeon, Fiery",Tough,,"Nintendo, Pokemon",https://www.youtube.com/watch?v=aa5Klsafq1w
Diamond & Pearl ~ Introduction,Event,Easy,,"Nintendo, Pokemon",https://youtu.be/O8J93qhwn40?si=COXmb9r7A1xqLFd-
Diamond & Pearl ~ Oreburgh City (Day),"Locale, Town & City",Easy,,"Nintendo, Pokemon",https://youtu.be/P1AbuG2tb0I?si=l-JfRty2rogXsNHn
Diamond & Pearl ~ Poffin,Event,Lunatic,,"Nintendo, Pokemon",https://www.youtube.com/watch?v=vfxmFyDM3ik
Diamond & Pearl ~ Poké Mart,Locale,Easy,,"Nintendo, Pokemon",https://youtu.be/fJhFaUMPRZ0?si=PBf4O430kMHefyoJ
Diamond & Pearl ~ Pokémon Center (Night),Locale,Easy,,"Nintendo, Pokemon",https://youtu.be/ivXD3UY1aN4?si=yBkN7_XbwOXyO6UM
Diamond & Pearl ~ Pokémon League (Day),Locale,Tough,,"Nintendo, Pokemon",https://youtu.be/IPBO3l4K7HU?si=rnFrtaSF-BK4l6lV
Diamond & Pearl ~ Pokémon League (Night),Locale,Tough,,"Nintendo, Pokemon",https://youtu.be/2nlOm6-zhgs?si=5fKc9il2PzMadUfR
Diamond & Pearl ~ Route 201 (Day),Locale,Easy,,"Nintendo, Pokemon",https://youtu.be/4VIx96wGoRc?si=OhFk-kBrUs-u2jfT
Diamond & Pearl ~ Route 203 (Day),Locale,Normal,,"Nintendo, Pokemon",https://youtu.be/e5CnV7mnhbs?si=KJjqR016Rh-lTNMZ
Diamond & Pearl ~ Route 205 (Day),Locale,Normal,,"Nintendo, Pokemon",https://youtu.be/OmP29EAo2hg?si=FCJgSOh5UmR0yxFL
Diamond & Pearl ~ Route 206 (Day),Locale,Normal,,"Nintendo, Pokemon",https://youtu.be/7iI6AXLAQeg?si=4ob7h1YfzUIxIjnh
Diamond & Pearl ~ Route 209 (Day),Locale,Normal,,"Nintendo, Pokemon",https://youtu.be/fSAu8XKbiVo?si=pmhbjYpnTBBIN7Cp
Diamond & Pearl ~ Sandgem Town (Day),"Locale, Town & City",Easy,,"Nintendo, Pokemon",https://youtu.be/XElZEE9t-5E?si=bIQTDRvNVMQk4kks
Diamond & Pearl ~ Spear Pillar,Locale,Tough,,"Nintendo, Pokemon",https://youtu.be/XJBjd-XB-MQ?si=uF8q__tla8HUnWTn
Diamond & Pearl ~ Sunyshore City,"Locale, Town & City",Normal,,"Nintendo, Pokemon",https://youtu.be/luwUroXj6E8?si=MLJ7l5PMcghkHOhy
Diamond & Pearl ~ Team Galactic HQ,Locale,Tough,,"Nintendo, Pokemon",https://youtu.be/1r2j54GCiEw?si=y9-jQcauN-izxIL2
Diamond & Pearl ~ The Underground,Locale,Normal,,"Nintendo, Pokemon",https://youtu.be/HPzmrbCFlp4?si=iEbItLz88JV1TlMu
Diamond & Pearl ~ Trainers' Eyes Meet (Artist),Jingles,Lunatic,,"Nintendo, Pokemon",https://youtu.be/FGAUlilItgA?si=JIixbYzybZcJGCh6
Diamond & Pearl ~ Twinleaf Town (Day),"Locale, Town & City",Easy,,"Nintendo, Pokemon",https://youtu.be/33RSCV9VJow?si=XFln0MwiUko4deOD
Diddy Kong Racing ~ Wizpig Challenge,Final Boss,Tough,,Rare,https://www.youtube.com/watch?v=qjSzq1fRwJk
Donkey Kong Country ~ Aquatic Ambience,"Locale, Nature, Aquatic",Easy,,"Nintendo, Donkey Kong",https://www.youtube.com/watch?v=o38ldEK8FjE
Donkey Kong Country ~ Cranky's Theme,Character,Easy,,"Nintendo, Donkey Kong",https://www.youtube.com/watch?v=4w1Jpp1-uQ0
Donkey Kong Country ~ DK Island Swing,Locale,Normal,,"Nintendo, Donkey Kong",https://www.youtube.com/watch?v=QPmW6eLX5fw
Donkey Kong Country ~ Fear Factory,Locale,Normal,,"Nintendo, Donkey Kong",https://www.youtube.com/watch?v=tB2Wh2fzY0g
Donkey Kong Country ~ Forest Frenzy,"Locale, Nature, Forest, Cutscene",Tough,,"Nintendo, Donkey Kong",https://www.youtube.com/watch?v=bQA9_KkT9R4
Donkey Kong Country ~ Gang Plank Galleon,"Battle, Final Boss",Easy,,"Nintendo, Donkey Kong",https://www.youtube.com/watch?v=Hnu4S76N3lw
Donkey Kong Country ~ Level Goal,Jingles,Easy,,"Nintendo, Donkey Kong",https://www.youtube.com/watch?v=iVtpdMa8LNg
Donkey Kong Country ~ Mine Cart Madness,Locale,Normal,,"Nintendo, Donkey Kong",https://www.youtube.com/watch?v=OBNUGIrpOKw
Donkey Kong Country 2 ~ Bayou Boogie,"Locale, Nature",Tough,,"Nintendo, Rare, Donkey Kong",https://www.youtube.com/watch?v=LLQMuws1kUw
Donkey Kong Country 2 ~ Hot-Head Bop,"Locale, Fiery",Normal,,"Nintendo, Rare, Donkey Kong",https://www.youtube.com/watch?v=flAFuldeRV8
Donkey Kong Country 2 ~ Snakey Chantey,Locale,Tough,,"Nintendo, Rare, Donkey Kong",https://www.youtube.com/watch?v=Mr2cFY_3PT0
Donkey Kong Country 2 ~ Stickerbush Symphony,"Locale, Nature",Easy,,"Nintendo, Rare, Donkey Kong",https://www.youtube.com/watch?v=mdPlcKg-qFs
Donkey Kong Country 3 ~ Jangle Bells,"Screen, Other",Merciless,,"Nintendo, Rare, Donkey Kong",https://www.youtube.com/watch?v=_MwZf7adeLo
Donkey Kong Country Returns ~ Bonus Clear,Jingles,Normal,,"Nintendo, Donkey Kong",https://youtu.be/sYBA4uwjpG0?si=fEYG41H5i8hdBLwF
Donkey Kong Country Returns ~ Bonus Level,Locale,Normal,,"Nintendo, Donkey Kong",https://www.youtube.com/watch?v=lTS4zTFizgA
Donkey Kong Country Returns ~ Bonus Room 1,Event,Normal,,"Nintendo, Donkey Kong",https://youtu.be/B5a7zytdCeE?si=Xn6iqDXLrxBzNWBH
Donkey Kong Country Returns ~ Game Loading,"Screen, Other",Normal,,"Nintendo, Donkey Kong",https://www.youtube.com/watch?v=0Qx9TMvhsDY
Donkey Kong Country Returns ~ Hot Rocket (Rocket Barrel),"Locale, Fiery",Tough,,"Nintendo, Donkey Kong",https://www.youtube.com/watch?v=8pmXdnIuHPk
Donkey Kong Country Returns ~ Poppin' Planks,Locale,Normal,,"Nintendo, Donkey Kong",https://youtu.be/TcoU9ed6TIw?si=sV0D_LhzjEyDzN94
Donkey Kong Country Returns ~ Sunset Shore,Locale,Normal,,"Nintendo, Donkey Kong",https://youtu.be/mMUCXz8YC10?si=QmpyflpBtD2QSEdB
Donkey Kong Country: Tropical Freeze ~ Forest Folly,"Locale, Forest, Snowy",Tough,,"Nintendo, Donkey Kong",https://www.youtube.com/watch?v=di6VFegOMfk
Donkey Kong Country: Tropical Freeze ~ Seashore War,Aquatic,Tough,,"Nintendo, Donkey Kong",https://www.youtube.com/watch?v=Boqy0Q-4c_M
Donkey Kong Jungle Beat ~ Battle for Storm Hill,Locale,Tough,,"Nintendo, Donkey Kong",https://www.youtube.com/watch?v=8KAD8-rG5gM
Dragon Quest XI ~ Make Me Feel Sad (V),Cutscene,Tough,,"Square Enix, Dragon Quest",https://youtu.be/wBzWy162v8g
Dragon Quest XI ~ Olé! Sylvando!,Character,Normal,,"Square Enix, Dragon Quest",https://youtu.be/XlCchPLxrTs
Dragon Quest XI ~ Ton-ten-kan (X),"Event, Other",Tough,,"Square Enix, Dragon Quest",https://youtu.be/-9_m6mlBq8w
EarthBound ~ Boy Meets Girl,"Locale, Town & City",Easy,,"Nintendo, EarthBound",https://youtu.be/kc9yO4giTog
EarthBound ~ Heartless Hotel,Spooky,Normal,,"Nintendo, EarthBound",https://www.youtube.com/watch?v=BwotketLGAM
EarthBound ~ Hi Hi Hi (Saturn Valley),Locale,Normal,Drink coffee before go?,"Nintendo, EarthBound",https://www.youtube.com/watch?v=GODWkELCrzw
EarthBound ~ Onett,"Locale, Town & City",Easy,,"Nintendo, EarthBound",https://youtu.be/XKfXsTkA71I
EarthBound ~ Snowman,Snowy,Easy,,"Nintendo, EarthBound",https://www.youtube.com/watch?v=niE24aTdtns
EarthBound ~ Winters White,"Locale, Snowy",Easy,,"Nintendo, EarthBound",https://youtu.be/qOYbGBPnT_M
EarthBound Beginnings ~ Pollyanna (I Believe in You),Locale,Easy,,"Nintendo, EarthBound",https://youtu.be/XoSBRcQwocE
Echoes of Wisdom ~ Dungeon Link Midboss (Version 1),"Battle, Boss, Adversary",Tough,Vs the original protagonist,"Nintendo, The Legend of Zelda",https://youtu.be/mclIkJ3iAUo
Echoes of Wisdom ~ Field Theme (Swordfighter Form),Locale,Lunatic,,"Nintendo, The Legend of Zelda",https://youtu.be/SAJh0sT8IyM
Echoes of Wisdom ~ Opening Dungeon,Dungeon,Normal,,"Nintendo, The Legend of Zelda",https://youtu.be/Qm5TJmKCNc0
Echoes of Wisdom ~ Smoothie Shop,Locale,Tough,Run by a Business Scrub,"Nintendo, The Legend of Zelda",https://youtu.be/ThCy6JVSmss
Echoes of Wisdom ~ Still World,Locale,Normal,It's not the Dark World,"Nintendo, The Legend of Zelda",https://youtu.be/Ln5cbFMsL9s
Echoes of Wisdom ~ Suthorn Village,Town & City,Lunatic,Link's hometown,"Nintendo, The Legend of Zelda",https://youtu.be/xE1RXBj5g8U
Emio - The Smiling Man ~ Language of Flowers for Eggplants,Credits,Lunatic,,"Nintendo, Famicom Detective Club",https://www.youtube.com/watch?v=AdiVfNkP8VM
Emio - The Smiling Man ~ Superior Friendship with Ayumi,Cutscene,Merciless,,"Nintendo, Famicom Detective Club",https://www.youtube.com/watch?v=4TMEZqQhEq4
Emio - The Smiling Man ~ The Smiling Man: FDC,Spooky,Tough,,"Nintendo, Famicom Detective Club",https://www.youtube.com/watch?v=XvDH0m-no3A
Explorers of Time & Darkness ~ Wigglytuff's Guild,Locale,Easy,,"Nintendo, Pokemon",https://www.youtube.com/watch?v=-9cR05tlIRw
FETH ~ A Promise,Cutscene,Lunatic,,"Nintendo, Fire Emblem",https://www.youtube.com/watch?v=9lxAeoomGrw
FETH ~ Between Heaven and Earth (Thunder),Battle,Tough,,"Nintendo, Fire Emblem",https://www.youtube.com/watch?v=0phhiOCyD58
FETH ~ Blue Skies and a Battle (Rain),Locale,Tough,,"Nintendo, Fire Emblem",https://www.youtube.com/watch?v=jjNfDvd8a-o
FETH ~ Broken Routine,Locale,Lunatic,,"Nintendo, Fire Emblem",https://www.youtube.com/watch?v=_958Nz16kBI
FETH ~ Chasing Daybreak (Rain),Locale,Tough,,"Nintendo, Fire Emblem",https://www.youtube.com/watch?v=bLFH0_GehKA
FETH ~ Fódlan Winds (Rain),Locale,Easy,,"Nintendo, Fire Emblem",https://www.youtube.com/watch?v=yUPDk-8TbeA
FETH ~ God Shattering Star (Rain),Locale,Normal,,"Nintendo, Fire Emblem",https://www.youtube.com/watch?v=8Q-X05GhYkU
FETH ~ Shambhala (Area 17 Redux) (Rain),Locale,Normal,,"Nintendo, Fire Emblem",https://www.youtube.com/watch?v=2NEp_z_jUG4
FETH ~ Tempest of Seasons (Rain),Locale,Tough,,"Nintendo, Fire Emblem",https://www.youtube.com/watch?v=9OfQm4pcnaY
FETH ~ The Apex of the World (Rain),Locale,Normal,,"Nintendo, Fire Emblem",https://www.youtube.com/watch?v=gLEoduU5uFs
FETH ~ The Long Road (Rain),Locale,Lunatic,,"Nintendo, Fire Emblem",https://www.youtube.com/watch?v=7a-gS_PvYpU
Final Fantasy ~ Matoya's Cave,Locale,Tough,,"Square Enix, Final Fantasy",https://www.youtube.com/watch?v=OaLvSJmvw9k
Final Fantasy V ~ Battle on the Big Bridge,"Battle, Boss, Locale",Tough,,"Square Enix, Final Fantasy",https://www.youtube.com/watch?v=1a8OirsKVbc
Final Fantasy VI ~ Decisive Battle,"Battle, Boss",Tough,,"Square Enix, Final Fantasy",https://www.youtube.com/watch?v=WmBPTpvYyIY
Final Fantasy VII ~ One-Winged Angel,"Battle, Final Boss, Vocals",Easy,,"Square Enix, Final Fantasy",https://www.youtube.com/watch?v=zkZGFNCS6iQ
Final Fantasy VII ~ Opening~Bombing Mission,Cutscene,Tough,,"Square Enix, Final Fantasy",https://www.youtube.com/watch?v=-DRp_XME44o
Final Fantasy VIII ~ Liberi Fatali,"Screen, Other, Vocals",Tough,,"Square Enix, Final Fantasy",https://www.youtube.com/watch?v=gcJ_yFSw3-k
Final Fantasy X ~ Zanarkand,"Screen, Other",Tough,,"Square Enix, Final Fantasy",https://www.youtube.com/watch?v=4pzxfgzhOvE
Final Fantasy XIII ~ Battle,Battle,Tough,,"Square Enix, Final Fantasy",https://www.youtube.com/watch?v=WyTRg-DJ99M
Final Fantasy XVI ~ Eikon Boss,"Battle, Boss",Merciless,,"Square Enix, Final Fantasy",https://www.youtube.com/watch?v=vDBbA9zCOnY
Fire Emblem Enage ~ Trial of the Sacred,Locale,Lunatic,,"Nintendo, Fire Emblem",https://www.youtube.com/watch?v=MGEWhJAvvAg
Fire Emblem Fates ~ Lost in Thoughts All Alone (Azura),"Vocals, Cutscene, Character",Easy,,"Nintendo, Fire Emblem",https://youtu.be/6dVWSgCDyvQ
Fire Emblem Fates ~ Lost in Thoughts All Alone (Shigure),"Vocals, Cutscene, Character",Tough,,"Nintendo, Fire Emblem",https://youtu.be/Y-iz9Q_WPeE
Fire Emblem Heroes ~ Title Theme,"Screen, Other",Easy,Did you remember to turn down your phone volume?,"Nintendo, Fire Emblem",https://youtu.be/ZDwOIexNpP8
Fire Emblem: Awakening ~ ......,"Screen, Other",Lunatic,......,"Nintendo, Fire Emblem",https://youtu.be/QHmqMackSbM?si=Ntxrg0CBvKaHypse
Fire Emblem: Awakening ~ And what if I can't? What if I'm not worthy of her ideals?,Cutscene,Normal,,"Nintendo, Fire Emblem",https://youtu.be/PNqIxhOGvm8?si=JInU6-Kwo0VI6FOM
"Fire Emblem: Awakening ~ But, Frederick, it's nearly dark!","Cutscene, Event",Normal,,"Nintendo, Fire Emblem",https://youtu.be/rUkT1mlaO98?si=_1MSq6NHiKrB1v2g
Fire Emblem: Awakening ~ Conquest,Locale,Normal,,"Nintendo, Fire Emblem",https://youtu.be/wSCNPAt4dSw?si=7rzuYTq41Ow3w5Yt
Fire Emblem: Awakening ~ Don't speak her name!,"Battle, Locale",Normal,,"Nintendo, Fire Emblem",https://youtu.be/Uod4yrovsz0?si=Fmao6AJYnASE4nCP
Fire Emblem: Awakening ~ Duty,Locale,Normal,,"Nintendo, Fire Emblem",https://youtu.be/W2Ape6ecMZA?si=CfAecWEaPQQ6O9ue
Fire Emblem: Awakening ~ Here we are! The Shepherd's garrison.,Event,Tough,,"Nintendo, Fire Emblem",https://youtu.be/7n3yVXN6-Us?si=fvLhLaohzKQD_Uov
Fire Emblem: Awakening ~ Id (Purpose),"Battle, Final Boss, Locale",Easy,,"Nintendo, Fire Emblem",https://youtu.be/8XY5WxernwY?si=HWtyMVmv6Rw3wnB9
Fire Emblem: Awakening ~ Id (Serenity),Cutscene,Normal,,"Nintendo, Fire Emblem",https://youtu.be/kL-Ghf1t5yA?si=A9Q6QE-SOhrID6Ed
Fire Emblem: Awakening ~ Main Theme,"Screen, Other",Normal,,"Nintendo, Fire Emblem",https://youtu.be/VKHPQLs_H_k?si=EKlTsVlXLhtfD8Ts
Fire Emblem: Awakening ~ You have power... like mine.,Character,Tough,,"Nintendo, Fire Emblem",https://youtu.be/0_rdIF5b4qg?si=7kmUpUWDtnk43pUf
Fire Emblem: Awakening ~ You may call me Marth.,Character,Tough,(Spoilers: That isn't Marth),"Nintendo, Fire Emblem",https://youtu.be/BgNHdb5di98?si=nMYdXeJtKJ0IW6Jb
Fire Emblem: Heroes ~ Howling Gears,Locale,Tough,,"Nintendo, Fire Emblem",https://youtu.be/0g3n4TCPJuU?si=ofP7bZhgaztQYvpv
Fire Emblem: Path of Radiance ~ Beautiful Princess Elincia,Character,Tough,,"Nintendo, Fire Emblem",https://youtu.be/R41NgD_Rouc?si=kKfSYnuPOsbPPyg5
Fire Emblem: Path of Radiance ~ Crimea Attacks,Locale,Tough,,"Nintendo, Fire Emblem",https://youtu.be/ofwT1xh25v8?si=mwELOghFE9ZtUBTo
Fire Emblem: Path of Radiance ~ Greil Mercenaries,Locale,Tough,,"Nintendo, Fire Emblem",https://youtu.be/8v_BISgU584?si=klEhiXg6v2Zdi55I
Fire Emblem: Path of Radiance ~ His Father's Son,Character,Lunatic,,"Nintendo, Fire Emblem",https://youtu.be/PtPYp-etfCQ?si=Ikzw4nQImLoAZi94
Fire Emblem: Path of Radiance ~ Side Battle,Locale,Merciless,,"Nintendo, Fire Emblem",https://youtu.be/2yReBRItWu0?si=qDHlght3460hICoy
Fire Emblem: Path of Radiance ~ The Black Knight,"Character, Adversary",Normal,,"Nintendo, Fire Emblem",https://youtu.be/MaN2wQ3yMnc?si=TmUsAmru9-ju8RV5
Fire Emblem: Path of Radiance ~ To Challenge Ashnard,"Battle, Final Boss",Lunatic,,"Nintendo, Fire Emblem",https://youtu.be/uh-eOXkCyoc?si=Fq-sphd_yvXPhiQT
Fire Emblem: Path of Radiance ~ Wonderful Pirates,Character,Tough,,"Nintendo, Fire Emblem",https://youtu.be/oXp_Nv1fMDQ?si=N22mYD2IV9azRt6Z
Fire Emblem: Radiant Dawn ~ Ascent,Locale,Tough,,"Nintendo, Fire Emblem",https://www.youtube.com/watch?v=Zcik2Ad7jMk
Fire Emblem: Radiant Dawn ~ Bearer of Hope,Locale,Lunatic,,"Nintendo, Fire Emblem",https://www.youtube.com/watch?v=LRXOCzdQ-KQ
Fire Emblem: Radiant Dawn ~ Eternal Bond,"Locale, Character",Normal,,"Nintendo, Fire Emblem",https://www.youtube.com/watch?v=mFl18TCOCfI
Fire Emblem: Radiant Dawn ~ The Devoted,Battle,Tough,,"Nintendo, Fire Emblem",https://youtu.be/yClDv-Ib1Bc
Fire Emblem: Radiant Dawn ~ The Goddess's Rebuke,"Event, Adversary",Merciless,,"Nintendo, Fire Emblem",https://youtu.be/L7Mb_Pkq2rs
Fire Emblem: Radiant Dawn ~ Time of Action,Battle,Lunatic,,"Nintendo, Fire Emblem",https://youtu.be/3InuYRWm8Kc
Fire Emblem: Radiant Dawn ~ Unstoppable Destiny,Battle,Tough,,"Nintendo, Fire Emblem",https://youtu.be/L-vOriLdQfI
Fire Emblem: The Blazing Blade ~ Black Fang,"Cutscene, Adversary",Normal,,"Nintendo, Fire Emblem",https://www.youtube.com/watch?v=yCP2ovXJQhk
Fire Emblem: The Sacred Stones ~ Combat Preparations,"Screen, Other",Tough,,"Nintendo, Fire Emblem",https://youtu.be/6R6v5rkf4NU?si=IIZcg62OFmRQLgTO
Fire Emblem: The Sacred Stones ~ Distant Roads,Locale,Normal,,"Nintendo, Fire Emblem",https://youtu.be/81286-BntFA?si=uDWdCWFARbuLdG-5
Fire Emblem: The Sacred Stones ~ Follow Me!,Locale,Merciless,,"Nintendo, Fire Emblem",https://youtu.be/B-uJVBnBtwI?si=sqCHLnVct4HNhOXL
Fire Emblem: The Sacred Stones ~ Grim Journey,"Screen, Other",Tough,,"Nintendo, Fire Emblem",https://youtu.be/ZOSDVKkRU8c?si=9g5XXVgAxszqugKR
Fire Emblem: The Sacred Stones ~ In the Colosseum,"Battle, Fiery",Lunatic,,"Nintendo, Fire Emblem",https://youtu.be/3o6CUC8PpWY?si=3YK6qtZNMlXXielm
Fire Emblem: The Sacred Stones ~ Laughter,"Cutscene, Character",Lunatic,,"Nintendo, Fire Emblem",https://www.youtube.com/watch?v=iHhuEMkwLR4
Fire Emblem: The Sacred Stones ~ Lyon,Character,Tough,,"Nintendo, Fire Emblem",https://youtu.be/y0GgcC1LFUI?si=Rz9qNvIol39bzMLs
Fire Emblem: The Sacred Stones ~ Sacred Strength,Battle,Merciless,,"Nintendo, Fire Emblem",https://youtu.be/X9esOQDzrec?si=4mwipEFHZtgGARkN
Fire Emblem: The Sacred Stones ~ Ties of Friendship,"Screen, Other",Tough,,"Nintendo, Fire Emblem",https://youtu.be/PQ314mLgJCc?si=D_XN9blWVDRzGHj-
Fire Emblem: The Sacred Stones ~ Treasured Memories,"Screen, Other",Tough,,"Nintendo, Fire Emblem",https://youtu.be/5xDepSmzhrY?si=w8bM8s5WCl3jNNXn
Fossil Fighters ~ Boss Battle,"Battle, Boss",Lunatic,,Nintendo,https://youtu.be/6kb2Ms9W3r8?si=6TgvSLZKsiwBQt64
Fossil Fighters ~ Fossil Cleaning,Event,Lunatic,,Nintendo,https://youtu.be/LgiVJjzpsUc?si=Ip01il6RdrCaDqFF
Fossil Fighters ~ Fossil Fighters Theme,"Screen, Other",Lunatic,,Nintendo,https://youtu.be/aU2UEsL0G_4?si=yt08vbX4OEq4DxTN
Frogger 3D ~ New York,Locale,Merciless,,Konami,https://www.youtube.com/watch?v=wJjuNKTP8hI
Fuga: Melodies of Steel ~ Elegy of Winds,Vocals,Tough,,"CyberConnect2, Fuga",https://www.youtube.com/watch?v=hysnX2L7LDQ
Fuga: Melodies of Steel ~ Mad Scientist,"Character, Cutscene",Tough,,"CyberConnect2, Fuga",https://www.youtube.com/watch?v=B_wrBhpKkRM
Fuga: Melodies of Steel ~ Memories of the Earth and Sky,"Vocals, Credits",Lunatic,,"CyberConnect2, Fuga",https://www.youtube.com/watch?v=Ea7h2dIPEOc
Fuga: Melodies of Steel ~ Our Steelclad Home,Locale,Tough,,"CyberConnect2, Fuga",https://www.youtube.com/watch?v=YYac_Lsw-K8
Fuga: Melodies of Steel 2 ~ Grampas,"Character, Cutscene",Lunatic,,"CyberConnect2, Fuga",https://www.youtube.com/watch?v=y7ZnQcPW9TE
Fuga: Melodies of Steel 2 ~ March of the Little Knights,"Battle, Locale",Lunatic,The final battle approaches.,"CyberConnect2, Fuga",https://www.youtube.com/watch?v=zS0G_Vqjop0
Fuga: Melodies of Steel 2 ~ Restrained Boy (Theme of Jihl),"Character, Cutscene",Merciless,Pari's son,"CyberConnect2, Fuga",https://www.youtube.com/watch?v=LBTR6_cqmVM
Gates to Infinity ~ Ragged Mountain,"Locale, Nature",Tough,,"Nintendo, Pokemon",https://youtu.be/RaIuvHZrzTg?si=G6WfNVpdtBHUasBB
Gates to Infinity ~ Sunken Treasure,"Aquatic, Event",Merciless,,"Nintendo, Pokemon",https://youtu.be/7JJ-gqlW7ZA?si=Q_7k7q42OJ0fiDaC
Ghost Trick ~ Jowd - Fated Jailbird,Character,Normal,A man on death row,"Capcom, Ghost Trick",https://youtu.be/kpPA-p161nc
Ghost Trick ~ Lynne - Red-Headed Target,Character,Normal,Oops! I died again,"Capcom, Ghost Trick",https://youtu.be/IZuup4SnTfk
Ghost Trick ~ Missile - A Courageous Little Animal,Character,Normal,"I'm a top Pomeranian, you know","Capcom, Ghost Trick",https://www.youtube.com/watch?v=BaaWPuHnFiU
Gitaroo Man ~ The Legendary Theme (Acoustic),"Event, Nature",Tough,,"Sony, Other",https://www.youtube.com/watch?v=zacUcCCOoRw
Gnosia ~ Call of Ender,"Screen, Other",Tough,,Indie,https://www.youtube.com/watch?v=Mv4kcGY2Rbg
Gnosia ~ ULULO,Space,Tough,,Indie,https://www.youtube.com/watch?v=wFLSzv28kKA
Golden Sun ~ Fusion and Crisis,"Battle, Final Boss",Tough,,"Nintendo, Golden Sun",https://youtu.be/s8_56-moe0M?si=MPYb15IZYD_4Kpui
Golden Sun ~ Lamakan Desert,"Locale, Desert",Tough,,"Nintendo, Golden Sun",https://youtu.be/7mpru5Pru3s?si=rAJLdvGZK0J43evQ
Golden Sun ~ Mercury Lighthouse,"Locale, Dungeon, Aquatic",Tough,,"Nintendo, Golden Sun",https://youtu.be/gz-12WeL9JE?si=I5d51XKTn35hwlRY
Golden Sun ~ Prologue,"Screen, Other",Tough,,"Nintendo, Golden Sun",https://youtu.be/rl16-7wZmFY
Golden Sun ~ Sea of Karagol,"Locale, Aquatic",Tough,,"Nintendo, Golden Sun",https://youtu.be/PcHic9529WA?si=VDEo90NfkfQYVcTP
Golden Sun ~ The Capital of Kalay,"Locale, Town & City",Tough,,"Nintendo, Golden Sun",https://youtu.be/8dAKtrtzZwk?si=6gomoWhZelOkZkhM
Golden Sun ~ The Elemental Stars,Locale,Tough,,"Nintendo, Golden Sun",https://youtu.be/QpYo0lAwQ2g?si=3N3yRaLy7ObmGsZf
Golden Sun ~ Tolbi,"Locale, Town & City",Tough,,"Nintendo, Golden Sun",https://youtu.be/J0LAHE1kokk?si=50ADEgF3lIACvzpa
Golden Sun ~ Vale,"Locale, Town & City",Normal,,"Nintendo, Golden Sun",https://youtu.be/adXJBtU-ONc?si=G77cg9AlbWUZAYS5
Golden Sun ~ Venus Lighthouse,"Locale, Dungeon",Tough,,"Nintendo, Golden Sun",https://youtu.be/1SJsDCMyU9c?si=yXwQL9g0g-zLG3OB
Golden Sun ~ Vs. Saturos,"Battle, Boss",Tough,,"Nintendo, Golden Sun",https://youtu.be/IdjWoed-dLQ?si=BRIfeEHjhd9qDuSu
Golden Sun ~ Wintery Imil,"Locale, Town & City, Snowy",Tough,,"Nintendo, Golden Sun",https://youtu.be/Um7edWYT76U?si=fAAommrEp9WQKixy
Golden Sun ~ World Map Theme,Locale,Tough,,"Nintendo, Golden Sun",https://youtu.be/0i3X5rbzkp8?si=9kWyMZXmgSRVZ5Rv
Golden Sun: Dark Dawn ~ Battle! (Formidable Enemy),"Battle, Boss",Tough,,"Nintendo, Golden Sun",https://www.youtube.com/watch?v=KNjMjqdTgFg
Golden Sun: The Lost Age ~ Air's Rock,"Dungeon, Locale",Tough,,"Nintendo, Golden Sun",https://youtu.be/TUixU-Vav8k?si=lUE1JpIlph6o7vk7
Golden Sun: The Lost Age ~ Battle! (Felix),Battle,Tough,,"Nintendo, Golden Sun",https://youtu.be/qTMyqOQBxxI?si=51B_3VRdKO5iLS8-
Golden Sun: The Lost Age ~ Jenna Battle,Battle,Tough,,"Nintendo, Golden Sun",https://www.youtube.com/watch?v=s_h8RYOqZTA
Great Ace Attorney ~ 221B Baker Street,Locale,Normal,That famous house,"Capcom, Ace Attorney",https://www.youtube.com/watch?v=JtBW-xcUMvs
Great Ace Attorney ~ Barok van Zieks - The Reaper of the Bailey,"Character, Adversary",Normal,,"Capcom, Ace Attorney",https://www.youtube.com/watch?v=CQCVHRxVThA
Great Ace Attorney ~ Gina Lestrade - A Blast from the East End,Character,Normal,,"Capcom, Ace Attorney",https://www.youtube.com/watch?v=KnK_WRxudQU
Great Ace Attorney ~ Herlock Sholmes - Great Detective of Foggy London Town,Character,Normal,...Who is 'Sherlock Holmes'?,"Capcom, Ace Attorney",https://www.youtube.com/watch?v=smtc8Sucfm8
Great Ace Attorney ~ Kazuma Asogi - Samurai With A Mission,Character,Normal,,"Capcom, Ace Attorney",https://www.youtube.com/watch?v=eKIsiaCcoJU
Great Ace Attorney ~ Ryunosuke Naruhodo - Objection!,Event,Normal,,"Capcom, Ace Attorney",https://www.youtube.com/watch?v=e-QiKy-iEkQ
Great Ace Attorney ~ Susato Mikotoba - A New Bloom in the New World,Character,Normal,,"Capcom, Ace Attorney",https://www.youtube.com/watch?v=H0p9dnXRA5g
Great Ace Attorney ~ Tobias Gregson - The Great Detective's Great Foe,Character,Normal,,"Capcom, Ace Attorney",https://www.youtube.com/watch?v=l5Uk7pTkDVQ
Guilty Gear -Strive- ~ Find Your One Way,"Battle, Vocals",Lunatic,,Guilty Gear,https://youtu.be/eC15R4HeqZc?si=8YnJ-zfNjM1c5hOB
Guilty Gear -Strive- ~ Let Me Carve Your Way,"Battle, Vocals",Merciless,,Guilty Gear,https://youtu.be/cPtFKS0rRoc?si=thM_BkouT9AbGxBk
Gunpoint ~ Main Theme (Melancholia),"Screen, Other",Merciless,"For a game with 'Gun' in the title, you don't really use a gun...","Indie, Other",https://youtu.be/6LZ12RGcU1U
HeartGold & SoulSilver ~ Azalea Town,"Locale,Town & City",Easy,,"Nintendo,Pokemon",https://www.youtube.com/watch?v=aphAGvQYp6c
HeartGold & SoulSilver ~ Battle! - Champion,"Battle, Final Boss",Easy,,"Nintendo, Pokemon",https://www.youtube.com/watch?v=6czgMRvXYQ4
HeartGold & SoulSilver ~ Battle! - Entei,Battle,Lunatic,,"Nintendo, Pokemon",https://www.youtube.com/watch?v=MsN8zyvxfPo
HeartGold & SoulSilver ~ Battle! - Ho-Oh,Battle,Tough,The Rainbow Pokemon,"Nintendo, Pokemon",https://www.youtube.com/watch?v=vDctuMOGD_w
HeartGold & SoulSilver ~ Battle! - Johto Gym Leader,"Battle, Boss",Easy,,"Nintendo,Pokemon",https://www.youtube.com/watch?v=53vwaB7BT9E
HeartGold & SoulSilver ~ Battle! - Kanto Gym Leader,"Battle, Boss",Easy,Badges 9-16,"Nintendo, Pokemon",https://www.youtube.com/watch?v=dVxErc-oD-8
HeartGold & SoulSilver ~ Battle! - Lugia,Battle,Tough,The Guardian of the Sea,"Nintendo, Pokemon",https://www.youtube.com/watch?v=hm6aYDDOI9k
HeartGold & SoulSilver ~ Battle! - Raikou,Battle,Lunatic,,"Nintendo, Pokemon",https://www.youtube.com/watch?v=SF2SWRxkwIM
HeartGold & SoulSilver ~ Battle! - Rival,"Battle, Boss",Easy,,"Nintendo,Pokemon",https://www.youtube.com/watch?v=UI4YBu-ITac
HeartGold & SoulSilver ~ Battle! - Suicune,Battle,Lunatic,,"Nintendo, Pokemon",https://www.youtube.com/watch?v=Il8TVdguQ4o
HeartGold & SoulSilver ~ Battle! - Team Rocket,"Battle, Adversary",Easy,,"Nintendo, Pokemon",https://www.youtube.com/watch?v=k1dBPkCsO2Q
HeartGold & SoulSilver ~ Bicycle,"Object,Other",Easy,,"Nintendo,Pokemon",https://www.youtube.com/watch?v=F3dBBMuwOIc
HeartGold & SoulSilver ~ Celadon City,"Locale, Town & City",Easy,,"Nintendo, Pokemon",https://www.youtube.com/watch?v=eppVrKWAViQ
HeartGold & SoulSilver ~ Cerulean City,"Locale, Town & City",Easy,,"Nintendo, Pokemon",https://www.youtube.com/watch?v=jASDWhKFJY4
HeartGold & SoulSilver ~ Cianwood City,"Locale, Town & City",Normal,,"Nintendo, Pokemon",https://www.youtube.com/watch?v=B4ial7tzqLo
HeartGold & SoulSilver ~ Cinnabar Island,"Locale, Town & City",Normal,,"Nintendo, Pokemon",https://www.youtube.com/watch?v=uSXCSEof96s
HeartGold & SoulSilver ~ Clair's Theme,"Character, Adversary",Merciless,,"Nintendo, Pokemon",https://www.youtube.com/watch?v=ZwC3Gq_JcLU
HeartGold & SoulSilver ~ Dragon's Den,"Locale, Dungeon",Tough,Are you worthy of the 8th badge?,"Nintendo, Pokemon",https://www.youtube.com/watch?v=YyF5oAKrmoo
HeartGold & SoulSilver ~ Ecruteak City,"Locale, Town & City",Normal,,"Nintendo, Pokemon",https://www.youtube.com/watch?v=oyBmJrjqKnY
HeartGold & SoulSilver ~ Eusine,"Character, Adversary",Lunatic,,"Nintendo, Pokemon",https://www.youtube.com/watch?v=CiLkOEbWDvs
HeartGold & SoulSilver ~ Goldenrod City,"Locale,Town & City",Normal,,"Nintendo,Pokemon",https://www.youtube.com/watch?v=mTagB4BNzCk
HeartGold & SoulSilver ~ Ice Path,"Locale, Dungeon, Snowy",Normal,,"Nintendo, Pokemon",https://www.youtube.com/watch?v=9i4CJGRJMcg
HeartGold & SoulSilver ~ Kimono Girls,"Character, Boss, Credits",Normal,,"Nintendo,Pokemon",https://www.youtube.com/watch?v=igAi5JlWwb0
HeartGold & SoulSilver ~ Lavender Town,"Locale, Town & City",Easy,,"Nintendo, Pokemon",https://www.youtube.com/watch?v=J_vK4tcjmBg
HeartGold & SoulSilver ~ National Park,"Locale,Nature",Easy,,"Nintendo,Pokemon",https://www.youtube.com/watch?v=I7mHdaeHRLw
HeartGold & SoulSilver ~ Nintendo Wi-Fi Connection,"Screen,Other",Lunatic,,"Nintendo,Pokemon",https://www.youtube.com/watch?v=l_8ZxZqHcNs
HeartGold & SoulSilver ~ Olivine Lighthouse,Locale,Normal,,"Nintendo, Pokemon",https://www.youtube.com/watch?v=axrNy19WLrw
HeartGold & SoulSilver ~ Pallet Town,"Locale, Town & City",Easy,,"Nintendo, Pokemon",https://www.youtube.com/watch?v=SHF6NCEolhI
HeartGold & SoulSilver ~ Pewter City,"Locale, Town & City",Normal,,"Nintendo, Pokemon",https://www.youtube.com/watch?v=78djJKHEZPA
HeartGold & SoulSilver ~ Pokéwalker,"Screen, Other",Tough,,"Nintendo, Pokemon",https://www.youtube.com/watch?v=0qqrQuBqO1M
HeartGold & SoulSilver ~ Rock Tunnel,"Locale, Dungeon",Tough,,"Nintendo, Pokemon",https://www.youtube.com/watch?v=3oP-X-m94Jg
HeartGold & SoulSilver ~ Route 42,Locale,Normal,,"Nintendo, Pokemon",https://www.youtube.com/watch?v=oBefboPAImY
HeartGold & SoulSilver ~ Route 47,Locale,Tough,,"Nintendo, Pokemon",https://www.youtube.com/watch?v=45ii7oSIKEE
HeartGold & SoulSilver ~ S.S. Aqua,Locale,Tough,,"Nintendo, Pokemon",https://www.youtube.com/watch?v=RG03BCYV7IU
HeartGold & SoulSilver ~ Spiky Eared Pichu Appears!,"Character, Cutscene",Merciless,,"Nintendo, Pokemon",https://www.youtube.com/watch?v=6nuBCMG-xCU
HeartGold & SoulSilver ~ Staff Credits,Credits,Normal,,"Nintendo, Pokemon",https://www.youtube.com/watch?v=ZRwZ0rXjEMA
HeartGold & SoulSilver ~ The Bug Catching Contest,"Event, Other",Lunatic,"Tuesday, Thursday, Saturday","Nintendo, Pokemon",https://www.youtube.com/watch?v=t1qVnkgRLis
HeartGold & SoulSilver ~ The Dance of Ecruteak,Cutscene,Lunatic,,"Nintendo, Pokemon",https://www.youtube.com/watch?v=9zmgSZBfL4M
HeartGold & SoulSilver ~ Vermillion City,"Locale, Town & City",Normal,,"Nintendo, Pokemon",https://www.youtube.com/watch?v=CduRf-RckFs
HeartGold & SoulSilver ~ Violet City,"Locale,Town & City",Easy,,"Nintendo,Pokemon",https://www.youtube.com/watch?v=RscJkuoQhgQ
HeartGold & SoulSilver ~ Viridian Forest,"Locale, Dungeon, Forest",Normal,,"Nintendo, Pokemon",https://www.youtube.com/watch?v=aIpFKRd_Oyc
Hi-Fi Rush ~ My Heart Feels No Pain (Mimosa Boss),"Vocals, Battle, Boss",Tough,,Hi-Fi Rush,https://www.youtube.com/watch?v=tvDbi2XkbZ4
Hollow Knight ~ City of Tears,"Locale, Town & City",Easy,,"Indie, Hollow Knight",https://www.youtube.com/watch?v=MJDn70jh1V0&pp=ygUbY2l0eSBvZiB0ZWFycyBob2xsb3cga25pZ2h0
Hollow Knight ~ Greenpath,"Locale, Nature",Normal,,"Indie, Hollow Knight",https://youtu.be/fWquuWkHVP4
Hollow Knight ~ Hornet,"Battle, Boss",Tough,,"Indie, Hollow Knight",https://youtu.be/7xkM8mWC4Kk?si=DY6jZjuncO7lxuiZ
Hyrule Warriors ~ Eclipse of the Sun,Locale,Tough,,"Nintendo, Koei Tecmo, The Legend of Zelda",https://youtu.be/hAPaDL1Alwo?si=l5k8TKihs5AqWTi6
Hyrule Warriors ~ Molgera,Locale,Normal,,"Nintendo, Koei Tecmo, The Legend of Zelda",https://youtu.be/jYxn8xFpcfw?si=j74SPNIWiatsRDrt
"Hyrule Warriors: Age of Calamity ~ Revali, Ace Archer & Aviator","Character, Locale",Easy,The Avian Archer,"Nintendo, Koei Tecmo, The Legend of Zelda",https://www.youtube.com/watch?v=eHYC3_TFSw8
Hyrule Warriors: Age of Calamity ~ The Champion Mipha,"Character, Locale",Easy,,"Nintendo, Koei Tecmo, The Legend of Zelda",https://youtu.be/MvqQ4MrqvCE
"ISaT ~ Be Careful, Everyone! (Boss Theme)","Battle, Boss",Lunatic,,"Indie, In Stars and Time",https://youtu.be/p_GvIAWayrw
ISaT ~ Do You Remember (King's Theme),"Battle, Final Boss",Merciless,Self-proclaimed King,"Indie, In Stars and Time",https://www.youtube.com/watch?v=KnFCJ4G0KBI
"ISaT ~ Dormont (Welcome to My Home, Stranger)","Locale, Town & City",Merciless,Inside or outside?,"Indie, In Stars and Time",https://youtu.be/qYFKI0oEcFI
ISaT ~ Game Over,Screen,Lunatic,You get used to this one,"Indie, In Stars and Time",https://www.youtube.com/watch?v=2J3CPfGhJ3w
"ISaT ~ Get Ready, Everyone! (Battle Theme)",Battle,Lunatic,"Rock, paper, scissors","Indie, In Stars and Time",https://youtu.be/mBfNWEkN3Vg
ISaT ~ In Stars and Time (Title Theme),"Screen, Other",Lunatic,"Time loops, time loops","Indie, In Stars and Time",https://youtu.be/MF5BCcF-r1g
ISaT ~ It's Finally Over... (Glitched Version),Event,Merciless,Something's not right...,"Indie, In Stars and Time",https://www.youtube.com/watch?v=aLrNQU_4AkI
It Takes Two ~ Opposites Attract,Snowy,Merciless,You can't do this alone,EA,https://www.youtube.com/watch?v=DDJHxQYXXJg
Justice for All ~ Berry Big Circus,Locale,Easy,,"Capcom, Ace Attorney",https://youtu.be/UjvOaYK7SgM?si=Qo8rWP8ZQAQIPxQO
Justice for All ~ Detention Center - Elegy of Surveillance Cameras,Locale,Normal,,"Capcom, Ace Attorney",https://youtu.be/z6kKqU-FkRc?si=e8iQonKqEtZ1dXgR
Justice for All ~ End,Credits,Tough,,"Capcom, Ace Attorney",https://youtu.be/4GeSY3Kkbgc?si=6k4ykgHyr0ExvP5B
Justice for All ~ Great Revival - Fransizka von Karma,Character,Normal,,"Capcom, Ace Attorney",https://youtu.be/kkfX4Y-WkDs?si=9tRYDLQC3jWwo2vF
Justice for All ~ Great Revival - Miles Edgeworth,Character,Normal,,"Capcom, Ace Attorney",https://youtu.be/QI55FRv28Kw?si=ymzWS5NUBJqZ9L6T
Justice for All ~ Hotline of Fate,Cutscene,Tough,,"Capcom, Ace Attorney",https://youtu.be/aC_-WxlTMVQ?si=4mClWxkBWnIyXWEW
Justice for All ~ Kurain Village,"Locale, Town & City",Normal,,"Capcom, Ace Attorney",https://youtu.be/VXS56M5wLJE?si=apagU2spSrW1oE7v
Justice for All ~ Objection! 2002,"Character, Event",Normal,,"Capcom, Ace Attorney",https://youtu.be/36pwF_fh5b0?si=rWFycUSfjvPE8zbH
Justice for All ~ Pearl Fey,Character,Easy,,"Capcom, Ace Attorney",https://youtu.be/sAM-XMc8OAc?si=y_NQ68dp64D0LDcg
Justice for All ~ Pressing Pursuit,Event,Tough,,"Capcom, Ace Attorney",https://youtu.be/7Cl98sQPDhU?si=E3bygdk-zuHxZLAy
Justice for All ~ Psyche-Lock,Event,Normal,,"Capcom, Ace Attorney",https://youtu.be/9yA3qrxxues?si=2RcpWkbAKrlfC1-h
Justice for All ~ Shelly de Killer - A Murderous Gentleman's Pleasure,Character,Normal,,"Capcom, Ace Attorney",https://youtu.be/Gr4ELHLTV-A?si=Ar51mVTXeJj6g6JQ
Justice for All ~ Trial,Locale,Normal,,"Capcom, Ace Attorney",https://youtu.be/_HaMSS7-lwQ?si=tQTdgxqKiDOx84Nz
Kid Icarus: Uprising ~ Dark Pit's Theme,"Character, Adversary",Easy,,"Nintendo, Kid Icarus",https://www.youtube.com/watch?v=NATWKoia7us
Kid Icarus: Uprising ~ Destroyed Skyworld,Locale,Easy,,"Nintendo, Kid Icarus",https://www.youtube.com/watch?v=1k2QUkTvmgE
Kid Icarus: Uprising ~ Hades's Infernal Theme,"Character, Adversary",Easy,,"Nintendo, Kid Icarus",https://www.youtube.com/watch?v=4W3xFY8_HZI
Kid Icarus: Uprising ~ Lightning Battle,Locale,Normal,,"Nintendo, Kid Icarus",https://www.youtube.com/watch?v=fI0cmLIHLyc
Kid Icarus: Uprising ~ Lord of the Underworld,Locale,Tough,,"Nintendo, Kid Icarus",https://www.youtube.com/watch?v=_dJB6k-liI0
Kid Icarus: Uprising ~ Magnus's Theme,Character,Normal,,"Nintendo, Kid Icarus",https://www.youtube.com/watch?v=RatsP5-lr5M
Kid Icarus: Uprising ~ Mysterious Invaders,Locale,Normal,,"Nintendo, Kid Icarus",https://www.youtube.com/watch?v=ULAVlqIHSxw
Kid Icarus: Uprising ~ Solo Menu (Viridi),"Screen, Other",Tough,,"Nintendo, Kid Icarus",https://www.youtube.com/watch?v=gzZiB4y_RvE
Kid Icarus: Uprising ~ The Wish Seed - Magma Level Rising - Cave Route,Locale,Lunatic,,"Nintendo, Kid Icarus",https://www.youtube.com/watch?v=jBbkZ4MUVik
Kid Icarus: Uprising ~ The Wish Seed - To the Volcano Nearby,Locale,Lunatic,,"Nintendo, Kid Icarus",https://www.youtube.com/watch?v=iztCGZhCaDc
"Kid Icarus: Uprising ~ Viridi, Goddess of Nature","Locale, Character, Adversary",Normal,,"Nintendo, Kid Icarus",https://www.youtube.com/watch?v=KXXMnNRGW0A
Kid Icarus: Uprising ~ Wrath of the Reset Bomb,"Locale, Object",Tough,,"Nintendo, Kid Icarus",https://www.youtube.com/watch?v=uAvRGVN4LMI
Kingdom Hearts ~ Destiny Islands,"Locale, Nature, Town & City",Easy,,"Square Enix, Kingdom Hearts",https://youtu.be/OKlaotAgwHg
Kingdom Hearts ~ Hollow Bastion,Locale,Normal,,"Square Enix, Kingdom Hearts",https://youtu.be/niQWT4i7XkU
Kingdom Hearts ~ Kairi I,Character,Easy,,"Square Enix, Kingdom Hearts",https://youtu.be/6MIj_8dxWYQ
Kingdom Hearts ~ Title Screen,"Screen, Other",Easy,,"Square Enix, Kingdom Hearts",https://youtu.be/ixSrQI-J-80
Kingdom Hearts 3D: Dream Drop Distance ~ The Eye of Darkness,"Battle, Final Boss",Lunatic,,"Square Enix, Kingdom Hearts",https://www.youtube.com/watch?v=LsFC6h59rc8
Kingdom Hearts 3D: Dream Drop Distance ~ TWISTER -KINGDOM MIX-,"Character, Cutscene",Tough,,"Square Enix, Kingdom Hearts",https://www.youtube.com/watch?v=a2vfjHxlitY
Kingdom Hearts Final Mix ~ Vector to the Heavens,"Battle, Boss",Normal,,"Square Enix, Kingdom Hearts",https://www.youtube.com/watch?v=g3xFtfdQwoI
Kingdom Hearts: Birth by Sleep ~ Ventus,Character,Normal,,"Square Enix, Kingdom Hearts",https://youtu.be/TB98jZ_HRKg?si=aEuls4gY2zurSIrn
Kirby & The Amazing Mirror ~ Candy Constellation (Area 9),"Locale, Space",Tough,,"Nintendo, Kirby",https://www.youtube.com/watch?v=wvzlrD3vjpk
Kirby Air Ride ~ Magma Flows,Fiery,Normal,,"Nintendo, Kirby",https://www.youtube.com/watch?v=7Ud16VdT5QI
Kirby and the Forgotten Land ~ Enter the Fiery Forbidden Lands,"Locale, Fiery",Normal,,"Nintendo, Kirby",https://www.youtube.com/watch?v=jpA2VWYtolU
Kirby and the Forgotten Land ~ Metro on Ice,"Locale, Snowy",Tough,,"Nintendo, Kirby",https://www.youtube.com/watch?v=9AR5x67XCuU
Kirby and the Forgotten Land ~ Moonlight Canyon,"Locale, Nature",Tough,,"Nintendo, Kirby",https://youtu.be/CqigaFzqhys?si=uvPqjdc_zMDaLaw_
Kirby and the Forgotten Land ~ Winter Horns,"Locale, Snowy",Easy,,"Nintendo, Kirby",https://www.youtube.com/watch?v=BC303UNRJLc
Kirby Canvas Curse ~ Paint Panic,"Battle, Boss",Normal,,"Nintendo, Kirby",https://www.youtube.com/watch?v=SpkMWSrb-_4
Kirby Dream Collection ~ Interdimensional Traveler,Battle,Tough,,"Nintendo, Kirby",https://www.youtube.com/watch?v=ob5k78q8l5U
Kirby Dream Land 3 ~ Iceberg,"Locale, Snowy",Tough,,"Nintendo, Kirby",https://youtu.be/IV_7X_znB9E?si=uiC_VfnDmbuT0qhM
Kirby Dreamland 2 ~ Kirby Dance (7),Jingles,Merciless,,"Nintendo, Kirby",https://youtu.be/Or5Dv4rRqX0?si=SKjo3o7tE9FLcV6P
Kirby Star Allies ~ Planet Frostak,"Locale, Snowy",Tough,,"Nintendo, Kirby",https://www.youtube.com/watch?v=5IDgoF8Wixg
Kirby Super Star ~ Dynablade Overworld,Locale,Normal,,"Nintendo, Kirby",https://youtu.be/hRgW8JcWYV0
Kirby Super Star ~ Great Cave Offensive,Locale,Easy,,"Nintendo, Kirby",https://youtu.be/slOXXskLrV8
Kirby Super Star ~ Marx's Theme,"Battle, Final Boss",Easy,,"Nintendo, Kirby",https://youtu.be/YnfL3tzFx1Y
Kirby Triple Deluxe ~ Cold Odyssey,"Locale, Snowy",Normal,,"Nintendo, Kirby",https://www.youtube.com/watch?v=seud9DAr8zE
Kirby: Planet Robobot ~ Streetpass Wins (Normal) (The Arena - Rankings) (Float Islands),"Screen, Other",Merciless,,"Nintendo, Kirby",https://www.youtube.com/watch?v=AJUzMPCM5PY
Kirby's Adventure ~ Butter Building,Locale,Easy,,"Nintendo, Kirby",https://youtu.be/Di09yapYBuY
Kirby's Adventure ~ Drawing Kirby,"Jingles, Other",Tough,,"Nintendo, Kirby",https://youtu.be/vm6JN77kK1w
Kirby's Adventure ~ The Fountain of Dreams,Cutscene,Tough,,"Nintendo, Kirby",https://youtu.be/prgV94B9QfE
Kirby's Epic Yarn ~ Fountain Gardens,Locale,Easy,,"Nintendo, Kirby",https://youtu.be/nOD1rGjxZuk
Kirby's Epic Yarn ~ Grass Land (Level 1),"Locale, Nature",Normal,,"Nintendo, Kirby",https://youtu.be/Rm4fHtUZUso?si=tPBzSK3lEJbBFtU2
Kirby's Epic Yarn ~ Halberd (Battleship Halberd),Locale,Normal,,"Nintendo, Kirby",https://youtu.be/72EuieDdW8U
Kirby's Epic Yarn ~ Kirby's Pad,Locale,Normal,Kirby pays rent,"Nintendo, Kirby",https://youtu.be/0v0-SIGw0iM
Kirby's Epic Yarn ~ Mushroom Run,"Locale, Nature",Tough,Bouncing on mushrooms,"Nintendo, Kirby",https://youtu.be/tBgsRE8Se3k
Kirby's Epic Yarn ~ Outer Rings - Rocket,"Locale, Space",Normal,,"Nintendo, Kirby",https://youtu.be/x6vfIIOsujY
Kirby's Epic Yarn ~ Snowy Field - Evergreen Lift,"Locale, Snowy",Normal,,"Nintendo, Kirby",https://youtu.be/yGVqtRl3i2E
Kirby's Epic Yarn ~ Stage Bonus,Jingles,Normal,Get some extra beads!,"Nintendo, Kirby",https://youtu.be/jZMEIciTXEg
Kirby's Epic Yarn ~ Stage Clear,Jingles,Normal,,"Nintendo, Kirby",https://youtu.be/ZYW6EOYCpFw
Kirby's Epic Yarn ~ Tempest Towers (Butter Building),Locale,Easy,It wimdy,"Nintendo, Kirby",https://youtu.be/u8qW40P-Xdo
Kirby's Epic Yarn ~ Title Screen,"Screen, Other",Easy,,"Nintendo, Kirby",https://youtu.be/3kZxo_0y6pc
Kirby's Epic Yarn ~ Vs Fangora,"Battle, Boss",Normal,First boss of the game,"Nintendo, Kirby",https://youtu.be/EIbNxiAVaAc
Kirby's Epic Yarn ~ Vs Meta Knight,"Battle, Boss",Lunatic,,"Nintendo, Kirby",https://youtu.be/-H9BkY-qqv0
Kirby's Epic Yarn ~ Vs Squashini,"Battle, Boss",Tough,Watch out for falling hats,"Nintendo, Kirby",https://youtu.be/KAVvHrieqlM
Kirby's Epic Yarn ~ Vs Yin-Yarn (Phase 1),"Battle, Final Boss",Tough,Battle for the magic sock!,"Nintendo, Kirby",https://youtu.be/P6ZOgDBKdAw
"Kirby's Return to Dream Land ~ Magolor, the Far-Flung Traveler",Character,Easy,,"Nintendo, Kirby",https://youtu.be/AwKW6Wr3_Wo
Kirby's Return to Dream Land ~ Nutty Noon,Locale,Tough,,"Nintendo, Kirby",https://youtu.be/LaKaCP55EvY
"Kirby's Return to Dream Land DELUXE ~ Mistilteinn, Tree Crown without a Ruler","Battle, Final Boss",Tough,,"Nintendo, Kirby",https://www.youtube.com/watch?v=iQ1vrU0onhA
Klonoa 2 ~ Stepping Wind,"Vocals, Locale",Tough,,Namco,https://www.youtube.com/watch?v=dY_6jipjKyY
Layton's Mystery Journey ~ Case Etude,"Character, Screen",Tough,,Professor Layton,https://www.youtube.com/watch?v=B4pU_nBDERo
Layton's Mystery Journey ~ Chancer Lane,"Locale, Town & City",Lunatic,,Professor Layton,https://www.youtube.com/watch?v=fWQtQbC0Qek
Layton's Mystery Journey ~ Katrielle's Theme ,"Character, Cutscene",Tough,,Professor Layton,https://www.youtube.com/watch?v=FUw5sGFxRzk
Layton's Mystery Journey ~ Mystery Solved,"Screen, Cutscene",Tough,This is the truth of the case!,Professor Layton,https://www.youtube.com/watch?v=fYu-cZu6aso
Legends: Arceus ~ The Heartwood (Version 2),"Locale, Forest, Nature",Normal,,"Nintendo, Pokemon",https://www.youtube.com/watch?v=OhL0L39xiN0
Legends: Arceus~ Battle! Pokemon Wielder Volo,"Battle, Character, Final Boss",Normal,,"Nintendo, Pokemon",https://youtu.be/0yqm7vrCp-g
Link's Awakening ~ Level 6 - Face Shrine,"Locale, Dungeon, Cutscene",Tough,,"Nintendo, The Legend of Zelda",https://youtu.be/9EVhFI_y_9w
Luigi's Mansion ~ Chauncey Battle,"Battle, Boss",Easy,,"Nintendo, Mario",https://www.youtube.com/watch?v=2byo90E_sCw
Luigi's Mansion ~ Dark Hallway - Luigi Humming (Low Health),Locale,Normal,"High health, medium health, or low health?","Nintendo, Mario",https://www.youtube.com/watch?v=g_I30hSvh6o
Luigi's Mansion ~ Portrificationizing the Portrait Ghosts,Cutscene,Normal,,"Nintendo, Mario",https://www.youtube.com/watch?v=M6C3VELacbw
Luigi's Mansion 3 ~ Boilerworks (Ghost Catching 1),Battle,Lunatic,,"Nintendo, Mario",https://www.youtube.com/watch?v=CZHieuJoeoM
Luigi's Mansion 3 ~ Last Resort Hotel Lobby (Hellen Gravely),Locale,Lunatic,,"Nintendo, Mario",https://www.youtube.com/watch?v=MvEgRJr5yWk
Luigi's Mansion: Dark Moon ~ Eerie Staircase,"Spooky, Jingles",Lunatic,,"Nintendo, Mario",https://www.youtube.com/watch?v=Lg8h22MxCmc
Luigi's Mansion: Dark Moon ~ Ghost Theme 2,Spooky,Tough,,"Nintendo, Mario",https://www.youtube.com/watch?v=6lzyBpbZ5YA
Luigi's Mansion: Dark Moon ~ Old Clockworks,"Locale, Spooky, Desert",Lunatic,,"Nintendo, Mario",https://youtu.be/RWwUgZp8LWk?si=lskGU5CFTxEWwfKD
Luigi's Mansion: Dark Moon ~ Secret Mine,"Locale, Snowy",Lunatic,,"Nintendo, Mario",https://www.youtube.com/watch?v=5LwIWlO12yQ
Lunistice ~ Food (Comfort),"Locale, Other",Lunatic,,"Indie, Lunistice",https://youtu.be/U1ErRQinzUU
Lunistice ~ Lunistice (Title Theme),"Screen, Other",Lunatic,Main character is Hana,"Indie, Lunistice",https://youtu.be/b3L0f3kkAyY
Lunistice ~ Results Screen,Screen,Merciless,I missed a paper crane...,"Indie, Lunistice",https://youtu.be/yCexL-deVFw
Lunistice ~ Shrine (Home),"Locale, Other",Lunatic,,"Indie, Lunistice",https://youtu.be/zCNCmntJPB4
M&L Paper Jam ~ Time's Running Out!,"Event, Other",Tough,,"Nintendo, Mario",https://www.youtube.com/watch?v=LryqOWnJs3Q
M&L Partners in Time ~ Bowser Battle,"Battle, Boss",Normal,,"Nintendo, Mario",https://www.youtube.com/watch?v=w-mAwNyZyDs
M&L: Bowser's Inside Story ~ Fawful is There,Character,Tough,,"Nintendo, Mario",https://www.youtube.com/watch?v=yvj0uNNeIrg
M&L: Bowser's Inside Story ~ Oki Doki!!,Battle,Easy,,"Nintendo, Mario",https://www.youtube.com/watch?v=K7yoR4lpHYc
M&L: Bowser's Inside Story ~ The Grand Finale,"Battle, Final Boss",Easy,,"Nintendo, Mario",https://youtu.be/NIUkK_P-5ak?si=jrqQvHHtLIRbBRnJ
M&L: Bowser's Inside Story ~ Tough Guy Alert!,"Battle, Boss",Normal,,"Nintendo, Mario",https://youtu.be/NELINFw1aIg?si=V4xKVRdlOxLFROb5
M&L: Brothership ~ Bitsi Islet,"Locale, Nature",Lunatic,,"Nintendo, Mario",https://www.youtube.com/watch?v=7bpXQvlUplQ
M&L: Brothership ~ Boss Theme,"Battle, Boss",Normal,,"Nintendo, Mario",https://www.youtube.com/watch?v=6Q5gIEFdwPo
M&L: Partners in Time ~ Gritzy Desert,"Desert, Locale",Normal,,"Nintendo, Mario",https://www.youtube.com/watch?v=WKkvNimwv7I
M&L: Partners in Time ~ Holli Jolli Village,"Snowy, Spooky, Locale, Cutscene, Town & City",Normal,,"Nintendo, Mario",https://www.youtube.com/watch?v=dmQiEbcbuWw
M&L: Partners in Time ~ Thwomp Volcano,"Locale, Fiery",Tough,,"Nintendo, Mario",https://www.youtube.com/watch?v=PMihi2Yhd6k
Majora's Mask ~ Astral Observatory,Locale,Normal,,"Nintendo, The Legend of Zelda",https://youtu.be/s0krxH0dWhU?si=cqOX5zE_UZ0kPOxb
Majora's Mask ~ Ballad of the Wind Fish,Cutscene,Lunatic,,"Nintendo, The Legend of Zelda",https://youtu.be/uApGqxeeY7M?si=o5odp0Cs03pJsVrW
Majora's Mask ~ Boss Battle,"Battle, Boss",Easy,,"Nintendo, The Legend of Zelda",https://youtu.be/UK9FM9fpNUs?si=fKtEcYKwgnGsLb-e
Majora's Mask ~ Bremen March,"Event, Other",Normal,,"Nintendo, The Legend of Zelda",https://youtu.be/748s-hJPBpU?si=OHUiA-M3yXIO56Zp
"Majora's Mask ~ Clock Town, First Day","Locale, Town & City",Easy,,"Nintendo, The Legend of Zelda",https://youtu.be/Wea_uOJN34o?si=nNU479NCxTyP3nhP
"Majora's Mask ~ Clock Town, Second Day","Locale, Town & City",Easy,,"Nintendo, The Legend of Zelda",https://youtu.be/E3m9cXFvzu0?si=SuJIdO2C_wR6x0tM
"Majora's Mask ~ Clock Town, Third Day","Locale, Town & City",Easy,,"Nintendo, The Legend of Zelda",https://youtu.be/AWhxQPha_uY?si=MWJyBgSTu3wx84fK
Majora's Mask ~ Deku Palace,Locale,Easy,,"Nintendo, The Legend of Zelda",https://youtu.be/CDyR-QE7KmE?si=Gpc6stlgmxNpVf_T
Majora's Mask ~ Get A Mask!,"Jingles, Object",Easy,,"Nintendo, The Legend of Zelda",https://youtu.be/ShFjgZ14FA0?si=GPIAizEn8nJpCB3p
Majora's Mask ~ Goron Race,"Event, Other",Tough,,"Nintendo, The Legend of Zelda",https://youtu.be/gBymw4CyMRQ?si=b0iC7hmkMCHjGpc5
Majora's Mask ~ Ikana Castle,Locale,Tough,,"Nintendo, The Legend of Zelda",https://youtu.be/h9sSbiLZTro?si=4piWii3Th4seS0Ho
Majora's Mask ~ Ikana Valley,"Locale, Spooky",Normal,,"Nintendo, The Legend of Zelda",https://youtu.be/LjzQh7effA0?si=nQ-2BSyCumm3-bdr
Majora's Mask ~ Majora's Mask Battle,"Battle, Final Boss",Normal,,"Nintendo, The Legend of Zelda",https://youtu.be/EXu7EsXMxfI?si=wZXFAYjcyQvJZjV0
Majora's Mask ~ Sharp's Curse,"Event, Character, Spooky",Merciless,,"Nintendo, The Legend of Zelda",https://youtu.be/EzMlwrG7kFU?si=JbTydCZAozkTmquo
Majora's Mask ~ Stone Tower Temple,"Locale, Dungeon",Easy,,"Nintendo, The Legend of Zelda",https://youtu.be/NxUAbX-35Zs?si=33uU3T_aHiFdxgrD
Majora's Mask ~ Tatl & Tael,"Cutscene, Character",Merciless,,"Nintendo, The Legend of Zelda",https://youtu.be/LIx_hQCF_Tk?si=EGmIzNih01hqqzb0
Majora's Mask ~ The End Credits,Credits,Normal,,"Nintendo, The Legend of Zelda",https://youtu.be/fDZZdhv_e5Q?si=PEpsjelzE6lWttNa
Majora's Mask 3D ~ Great Bay Temple,"Locale, Dungeon, Aquatic",Normal,,"Nintendo, The Legend of Zelda",https://www.youtube.com/watch?v=L3D7-_tJIhU
Make Way ~ Menu Music,"Screen, Other",Lunatic,,"Indie, Other",https://www.youtube.com/watch?v=LUu_Q9DDDsw
Mario & Luigi: Brothership ~ Florall Island,Locale,Normal,A land of radiant flowers.,"Nintendo, Mario",https://www.youtube.com/watch?v=qoEMX56ifgI
Mario & Luigi: Superstar Saga ~ Beanish People,"Locale, Town & City",Normal,,"Nintendo, Mario",https://youtu.be/dPscBEZETow?si=iRtWPJ80Oly3URQ0
"Mario & Luigi: Superstar Saga ~ Cackletta, the Fiercest Foe","Character, Adversary",Normal,,"Nintendo, Mario",https://youtu.be/NbCiOqkOEy4?si=hc8_aqYUICcHUNgn
Mario & Luigi: Superstar Saga ~ Chucklehuck Woods,"Locale, Nature, Forest",Tough,,"Nintendo, Mario",https://youtu.be/mHPFqpUfpdg?si=OC8FAW7sVktvW578
"Mario & Luigi: Superstar Saga ~ Hold the Corny Jokes, Please!","Locale, Dungeon",Tough,,"Nintendo, Mario",https://youtu.be/utoYKGWCP30?si=YS_Q_92GSsKoVbPE
Mario & Luigi: Superstar Saga ~ Prince Peasley's Theme,Character,Normal,,"Nintendo, Mario",https://youtu.be/bQq3F2eGJv4?si=YSBJH5hcY1hjS2hf
Mario & Luigi: Superstar Saga ~ The Marvelous Duo,"Battle, Boss",Lunatic,"Rookie, you're fired!","Nintendo, Mario",https://youtu.be/cMSwqohxr_k?si=pPSL5xM9YvrwAAeK
Mario Hoops 3 on 3 ~ Sherbet Land,Snowy,Lunatic,,"Nintendo, Square Enix, Mario",https://youtu.be/opGKRHVQVCw
Mario Kart 8 ~ Big Blue,Locale,Easy,,"Nintendo, Mario",https://www.youtube.com/watch?v=-gCSKx4Xb_A
Mario Kart 8 ~ Cloudtop Cruise,Locale,Normal,,"Nintendo, Mario",https://www.youtube.com/watch?v=4MKuBwQSU3o
Mario Kart 8 ~ Nice Try!,"Screen, Other",Normal,You didn't get a trophy,"Nintendo, Mario",https://www.youtube.com/watch?v=Ke-xEJrkNOQ
Mario Kart 8 ~ Rosalina's Ice World,"Locale, Snowy",Normal,,"Nintendo, Mario",https://www.youtube.com/watch?v=qQ7AWXQNutc
Mario Kart 8 ~ Sherbert Land,"Locale, Snowy",Easy,,"Nintendo, Mario",https://www.youtube.com/watch?v=nLhNtWMfD0E
Mario Kart 8 Deluxe ~ Wireless Play,"Screen, Other",Merciless,,"Nintendo, Mario",https://www.youtube.com/watch?v=-suZsPGQTNY
Mario Kart DS ~ Boss Battle,"Battle, Boss",Tough,,"Nintendo, Mario",https://www.youtube.com/watch?v=OzGvRyGbVao
Mario Kart Wii ~ Coconut Mall,Locale,Easy,,"Nintendo, Mario",https://youtu.be/cscuCIzItZQ
Mario Kart Wii ~ Koopa Cape,Locale,Normal,,"Nintendo, Mario",https://youtu.be/N8svO4MPSss?si=5Y-d-9GDzsRBk3hh
Mario Kart Wii ~ Maple Treeway,"Locale, Nature",Easy,,"Nintendo, Mario",https://youtu.be/wezBZgkOlDo?si=BnGFYkVe8l64euwc
Mario Kart Wii ~ Rainbow Road,"Locale, Space",Easy,,"Nintendo, Mario",https://youtu.be/F6X5ws8hclw?si=fZKHsn0KUJgb7qhI
Mario Kart: Double Dash!! ~ Baby Park,Locale,Easy,Going around in circles,"Nintendo, Mario",https://www.youtube.com/watch?v=fmnlHkcLcl0
Mario Party ~ Eternal Star,"Locale, Space",Normal,,"Nintendo, Mario",https://www.youtube.com/watch?v=0ler6IQYfTs
Mario Party ~ Hit or Miss Chance Game,Event,Easy,,"Nintendo, Mario",https://www.youtube.com/watch?v=tIQ_qI871Ss
Mario Party ~ Koopa Troopa Theme,"Character, Event",Normal,,"Nintendo, Mario",https://www.youtube.com/watch?v=7QDDhH8J1HE
Mario Party ~ Play a Mini-Game!,"Screen, Other",Easy,,"Nintendo, Mario",https://www.youtube.com/watch?v=TGrWq6CvD04
Mario Party ~ Rainbow Castle,Locale,Easy,,"Nintendo, Mario",https://www.youtube.com/watch?v=n47B16L6qo4
Mario Party ~ Tropical Island,"Locale, Nature",Easy,,"Nintendo, Mario",https://www.youtube.com/watch?v=vHcMArHUYK4
Mario Party 10 ~ Haunted Trail (Phase 1),"Locale, Spooky",Merciless,A haunted sleigh ride,"Nintendo, Mario",https://youtu.be/losNTB4QRwk?si=G80F5E4Xui3YQlsq
Mario Party 10 ~ Haunted Trail (Phase 1),"Locale, Spooky",Merciless,A haunted sleigh ride,"Nintendo, Mario",https://youtu.be/losNTB4QRwk?si=G80F5E4Xui3YQlsq
Mario Party 2 ~ Horror Land,"Locale, Spooky",Easy,,"Nintendo, Mario",https://www.youtube.com/watch?v=fRZq6lX1Exk
Mario Party 3 ~ Creepy Cavern,"Locale, Spooky",Normal,,"Nintendo, Mario",https://www.youtube.com/watch?v=T_jI_03DQAs
Mario Party 8 ~ Here's Your Chance!,Event,Lunatic,,"Nintendo, Mario",https://www.youtube.com/watch?v=KMH97g138PQ
Mario Party 8 ~ Tycoon Town,"Locale, Town & City",Tough,,"Nintendo, Mario",https://www.youtube.com/watch?v=a9tcPFoInUY
Mario Party 9 ~ Freshen Up!,"Event, Other",Normal,,"Nintendo, Mario",https://youtu.be/x1TZlpCI52g?si=ZGT-3fUPjtpB7Vnk
Mario Party DS - Wiggler's Garden,"Locale, Nature, Character",Tough,The first stop on your tiny journey!,"Nintendo, Mario",https://youtu.be/yPkZOKtTc5E?si=A491J32bx4XgsAu6
Mario Party DS - Wiggler's Garden,"Locale, Nature, Character",Tough,The first stop on your tiny journey!,"Nintendo, Mario",https://youtu.be/yPkZOKtTc5E?si=A491J32bx4XgsAu6
Mario Party DS ~ Kamek's Library,"Locale, Spooky, Character",Tough,Get a load of this spell. I call it Kamek Spell No. 8!,"Nintendo, Mario",https://youtu.be/M9yebHIjo6c?si=UDpQS65tG78H7457
Mario Party DS ~ Kamek's Library,"Locale, Spooky, Character",Tough,Get a load of this spell. I call it Kamek Spell No. 8!,"Nintendo, Mario",https://youtu.be/M9yebHIjo6c?si=UDpQS65tG78H7457
Mario Party DS ~ Toadette's Music Room,"Locale, Character",Tough,The Stars here scale like music!,"Nintendo, Mario",https://youtu.be/BrZ0aW4Eog0?si=lNXd8iPljUPLXozm
Mario Party DS ~ Toadette's Music Room,"Locale, Character",Tough,The Stars here scale like music!,"Nintendo, Mario",https://youtu.be/BrZ0aW4Eog0?si=lNXd8iPljUPLXozm
Mario Pinball Land ~ Under The Ice,Locale,Tough,,"Nintendo, Mario",https://www.youtube.com/watch?v=MkzeVgAIfbI
Metal Gear Rising: Revengeance ~ The Only Thing I Know For Real,"Vocals, Boss",Normal,,"Konami, Metal Gear",https://www.youtube.com/watch?v=KTorzZ289R8
Metroid Dread ~ Burenia,"Locale, Aquatic",Tough,,"Nintendo, Metroid",https://www.youtube.com/watch?v=IYMXYwGw1vg
Metroid Dread ~ E.M.M.I. (Patrol Mode),"Character, Locale",Easy,,"Nintendo, Metroid",https://www.youtube.com/watch?v=8wlTHBMw24s
Metroid Fusion ~ Environmental Mystery,Cutscene,Lunatic,,"Nintendo, Metroid",https://www.youtube.com/watch?v=ETXZaQlM0pE
Metroid Fusion ~ Escape form the SA-X,Event,Tough,,"Nintendo, Metroid",https://www.youtube.com/watch?v=_ckKjgfq2Es
Metroid Fusion ~ Neo-Ridley Boss Theme,"Battle, Boss",Normal,,"Nintendo, Metroid",https://www.youtube.com/watch?v=3-hTk6_XngU
Metroid Prime ~ Phendrana Drifts,"Snowy, Locale",Normal,,"Nintendo, Metroid",https://www.youtube.com/watch?v=ZbbUv1hz6mE
Metroid Prime 2: Echoes ~ The Luminoth,Character,Normal,,"Nintendo, Metroid",https://www.youtube.com/watch?v=Q52n4_oq0EQ
Metroid Prime 2: Echoes ~ Title,Screen,Normal,,"Nintendo, Metroid",https://www.youtube.com/watch?v=s6N0A1U_ZhE
Metroid Prime 2: Echoes ~ VS. Emperor Ing (Spider),"Battle, Final Boss",Tough,,"Nintendo, Metroid",https://www.youtube.com/watch?v=tP9kmLq8Y80
Metroid: Samus Returns ~ Lava Caves,"Locale, Fiery",Tough,,"Nintendo, Metroid",https://www.youtube.com/watch?v=IE5deU2J7TE
Metroid: Zero Mission ~ Norfair,"Locale, Fiery",Normal,,"Nintendo, Metroid",https://www.youtube.com/watch?v=-oY6TvKdlWQ
Metroid: Zero Mission ~ Space Pirate Mother Ship,Locale,Lunatic,,"Nintendo, Metroid",https://www.youtube.com/watch?v=1BTuVvkR7Ec
Mighty Switch Force 2 ~ Exothermic,Fiery,Tough,,"WayForward, Indie",https://www.youtube.com/watch?v=QPJUzunUJVc
Miitopia ~ Battle (World 4),Battle,Lunatic,,Nintendo,https://youtu.be/vok12UBEzOU?si=DJPsLFRvtSps6fLq
Minecraft ~ otherside,Other,Lunatic,,"Microsoft, Minecraft",https://www.youtube.com/watch?v=kK81m-A3qpU
Minecraft ~ Pigstep (Stereo Mix),Other,Normal,,"Microsoft, Minecraft",https://www.youtube.com/watch?v=BTthtlT80Rc
Minish Cap ~ Castor Wilds,"Locale, Nature",Tough,,"Nintendo, The Legend of Zelda",https://youtu.be/3pA9dNt83vY?si=WKBdoaCC557SVuEB
Minish Cap ~ Cave of Flames,"Dungeon, Fiery, Locale",Tough,,"Nintendo, The Legend of Zelda",https://youtu.be/wSuw9ECSOfg?si=fHcQCW-gTsc5hufk
Minish Cap ~ Climbing the Beanstalk,Locale,Merciless,,"Nintendo, The Legend of Zelda",https://youtu.be/NUwon5-LOBA?si=uHXDW8RHuwiBw9dB
Minish Cap ~ Cloud Tops,Locale,Tough,,"Nintendo, The Legend of Zelda",https://youtu.be/bNyMLamA9cA?si=g7GvqFOoN6Sm5js3
Minish Cap ~ Cucco Chase,"Event, Other",Merciless,,"Nintendo, The Legend of Zelda",https://youtu.be/A3l9xcxre8U?si=tDK4Fdx3QzpGVdmQ
Minish Cap ~ Dark Hyrule Castle,"Locale, Dungeon",Tough,,"Nintendo, The Legend of Zelda",https://www.youtube.com/watch?v=ybRiYICULjU
Minish Cap ~ Destroyed Hyrule,Cutscene,Merciless,,"Nintendo, The Legend of Zelda",https://youtu.be/2-nZgBKATEw?si=4kprzSmz-U7sNMLE
Minish Cap ~ Elemental Sanctuary,Locale,Tough,,"Nintendo, The Legend of Zelda",https://youtu.be/W_X-VlAfqnI?si=FsB4h2xd6qxhwuW9
Minish Cap ~ Hyrule Town,"Locale, Town & City",Normal,,"Nintendo, The Legend of Zelda",https://youtu.be/0212opl3k6c?si=EpyUQqpUaAoE7iA7
Minish Cap ~ Minish Village,"Locale, Town & City",Normal,,"Nintendo, The Legend of Zelda",https://www.youtube.com/watch?v=BbQgK8DIK3M
Minish Cap ~ Minish Woods,"Locale, Nature, Forest",Normal,,"Nintendo, The Legend of Zelda",https://youtu.be/PydqkG0xRZo?si=sjEcqhB6VbCAz-19
Minish Cap ~ Mt. Crenel,"Locale, Nature",Tough,,"Nintendo, The Legend of Zelda",https://youtu.be/QxBvFiBD0Mk?si=mT85O9TCGn5DQvIS
Minish Cap ~ Palace of Winds,"Locale, Dungeon",Lunatic,,"Nintendo, The Legend of Zelda",https://youtu.be/LWgq3Srn2YU?si=NU0ELwLWz01jZjf5
Minish Cap ~ Picori Festival,Locale,Normal,,"Nintendo, The Legend of Zelda",https://youtu.be/sG3dheJ2t90?si=ZhIS1oyYTMxJAAiN
Minish Cap ~ Royal Crypt,"Locale, Dungeon, Spooky",Lunatic,,"Nintendo, The Legend of Zelda",https://youtu.be/kIXpfvkZ4Bo?si=Cf-UpTOqQAogNBLp
Minish Cap ~ Royal Valley,"Locale, Spooky",Lunatic,,"Nintendo, The Legend of Zelda",https://youtu.be/Xvxi1cCrwQk?si=y1omOU9OSatQvbSv
Minish Cap ~ Temple of Droplets,"Locale, Dungeon, Aquatic",Lunatic,,"Nintendo, The Legend of Zelda",https://youtu.be/8wMDYIh0S0I?si=Trav_J7tJ1ZV4srn
Minish Cap ~ Vaati,"Character, Adversary",Tough,,"Nintendo, The Legend of Zelda",https://youtu.be/KjcDlL6fAvM?si=r2vjZUla3WrvcHch
Minish Cap ~ Vaati's Wrath,"Battle, Final Boss",Tough,,"Nintendo, The Legend of Zelda",https://www.youtube.com/watch?v=FzM_1nbxki4
Monster Hunter Rise ~ Crimson Glow Valstrax - Battle Theme,Battle,Tough,The deadly shooting star,"Capcom, Monster Hunter",https://youtu.be/jvRjogv57Gg
Monster Hunter Rise ~ Fluffy Bunny Dango Song / Yomogi's Dango,Cutscene,Tough,Did you get the skills you wanted?,"Capcom, Monster Hunter",https://www.youtube.com/watch?v=bt054wxg2po
Monster Hunter Rise ~ Frost Island - Battle Theme,"Locale, Battle, Snowy",Tough,,"Capcom, Monster Hunter",https://www.youtube.com/watch?v=IQu7mmJpxNE
Monster Hunter Rise ~ Mizutsune - Battle Theme,Battle,Normal,Slipping and sliding,"Capcom, Monster Hunter",https://youtu.be/xRFO-E0iGtQ
Monster Hunter Rise ~ Shrine Ruins - Battle Theme,"Locale, Battle",Normal,,"Capcom, Monster Hunter",https://youtu.be/nvpKj6ZbBzE
Monster Hunter Rise ~ Zinogre - Battle Theme,Battle,Tough,Don't let it supercharge!,"Capcom, Monster Hunter",https://youtu.be/wLJPw90gSVE
Monster Hunter Rise: Sunbreak ~ Malzeno - Battle Theme,"Battle, Final Boss, Adversary",Tough,Not Castlevania,"Capcom, Monster Hunter",https://youtu.be/7nMIUpZ68eQ
Mother 3 ~ Family Matters: 2nd Movement,"Battle, Boss",Normal,Battle against a conductor,"Nintendo, EarthBound",https://youtu.be/dFIf_lPg1zs
Mother 3 ~ Fight with Mecha-Drago,"Battle, Boss",Normal,,"Nintendo, EarthBound",https://youtu.be/AbE4t88Pgh8?si=fRVeWR6_2WQQBSFy
Mother 3 ~ Homely Yado Inn,Locale,Normal,,"Nintendo, EarthBound",https://youtu.be/OeKWqJpM5Mo
Mother 3 ~ Mind of a Thief,Locale,Normal,,"Nintendo, EarthBound",https://youtu.be/mBvH78RhuzY?si=kmQw6SBZlbWFZjVe
Mother 3 ~ Mom's Hometown,Locale,Normal,,"Nintendo, EarthBound",https://youtu.be/7YdgvjE7dA0?si=uGEdOYb-xtVffE4x
"Mother 3 ~ Run, My Dog, Run!","Cutscene, Character",Tough,,"Nintendo, EarthBound",https://youtu.be/6zHAID3CMRE?si=v9BtnZuFT4JyPylr
Mother 3 ~ Sorrowful Tazmilly,"Locale, Town & City",Tough,,"Nintendo, EarthBound",https://youtu.be/3efIbDXEb3w?si=Lqixmsa3R-J0Msvj
Mother 3 ~ Unfounded Revenge,"Battle, Boss",Normal,,"Nintendo, EarthBound",https://youtu.be/MEfO648v4e8
Mouthwashing ~ Main Theme,"Screen, Other",Merciless,,"Indie, Other",https://youtu.be/H-SLiGbn3aM?si=LeZr2H4em_djIF4s
New Pokemon Snap ~ Credits,Credits,Tough,,"Nintendo, Namco, Pokemon",https://youtu.be/3UEF2TEnJ6I
New Pokemon Snap ~ Florio Nature Park (Day),"Locale, Nature",Tough,,"Nintendo, Namco, Pokemon",https://youtu.be/6NFlxNT-zRU
New Pokemon Snap ~ Florio Nature Park (Night),"Locale, Nature",Tough,,"Nintendo, Namco, Pokemon",https://youtu.be/tPxqK-soUD4
New Pokemon Snap ~ Lab,Locale,Normal,A different kind of professor,"Nintendo, Namco, Pokemon",https://youtu.be/EuMVQx4QWQI
New Pokemon Snap ~ Shiver Snowfields (Night),"Locale, Nature, Snowy",Tough,,"Nintendo, Namco, Pokemon",https://youtu.be/gDZsquxH_Bk
New Super Mario Bros. DS ~ Overworld Theme,Locale,Easy,,"Nintendo, Mario",https://youtu.be/YOxqgLUPFHg?si=VmJPc6sf2ha-aQ6f
New Super Mario Bros. DS ~ Snow Overworld (Versus Mode),"Locale, Snowy",Lunatic,,"Nintendo, Mario",https://youtu.be/wMT0GGqt884?si=nX8GVCm-R50H_2G0
New Super Mario Bros. Wii ~ Real Final Boss,"Battle, Final Boss",Normal,,"Nintendo, Mario",https://youtu.be/MYb0uomzcBQ
New Super Mario Bros. Wii ~ Staff Roll,Credits,Normal,,"Nintendo, Mario",https://youtu.be/a9q7vyBByHE
Nine Sols ~ Fuhsi Nuwa's Theme,"Battle, Boss, Vocals",Lunatic,,Nine Sols,https://youtu.be/eYu7hWVThCU
Nine Sols ~ Long Awaited Death (Ji's Theme),"Battle, Boss",Tough,,Nine Sols,https://youtu.be/BEIYc8vQJcc?si=v6FSyRRuI5r-wS8R
Nine Sols ~ My Will Is Our Truth (Eigong's Theme),"Battle, Boss",Tough,,Nine Sols,https://youtu.be/jYlQwI_SO-s?si=TALNC-MwP-XIWUMH
Nine Sols ~ Nine Sols,Credits,Tough,,Nine Sols,https://youtu.be/YDpJzpqzUlc?si=spGcSSvIk7DYMvb2
Nine Sols ~ Smile at My Cursed Dream (Lady Ethereal's Theme),"Battle, Boss",Tough,,Nine Sols,https://youtu.be/i7xUEEpHrZ4?si=vrJGcylzBdMOxuMr
"Ninja Gaiden ~ Act 2, Part 1",Locale,Tough,,"Koei Tecmo, Ninja Gaiden",https://youtu.be/PjzF0PdJgzo?si=zFN9gavhTm548cGZ
"Ninja Gaiden ~ Act 4, Part 2","Locale, Character, Credits",Lunatic,,"Koei Tecmo, Ninja Gaiden",https://www.youtube.com/watch?v=u2LF2t4YlBI
"Ninja Gaiden ~ Act 5, Part 1",Locale,Lunatic,,"Koei Tecmo, Ninja Gaiden",https://youtu.be/2boY0DCuXKE?si=Th1sy_ZXM5glNxcg
Ninja Gaiden ~ Dr. Smith's Death,Jingles,Merciless,,"Koei Tecmo, Ninja Gaiden",https://youtu.be/5FxPlxh7FbU?si=ZpxJqp7QZm-CYENu
Nintendo DSi ~ Shop Theme,"Screen, Other",Tough,,"Nintendo, DSi",https://www.youtube.com/watch?v=VsGQ-O9lEcA
Nintendo Land ~ Captain Falcon's Twister Race: Main (Stages 1-4),Locale,Lunatic,,"Nintendo, Nintendo Land",https://www.youtube.com/watch?v=suGOrnAlRyw
Nintendo Land ~ Theme of Monita,Character,Normal,,"Nintendo, Nintendo Land",https://www.youtube.com/watch?v=_MqTTTwUt2E
Nintendogs + Cats ~ Let's Go for a Walk! (Afternoon),Locale,Merciless,,"Nintendo, Nintendogs",https://youtu.be/Fxs8Xdro0pk?si=fyc5mUs8J6SkuPKe
No Straight Roads ~ VS SAYU ft. Nikki Simmons (Base Version),Vocals,Normal,,Indie,https://www.youtube.com/watch?v=LQboZNoMd0c
No Straight Roads ~ vs. DJ Subatomic Supernova,"Battle, Boss",Tough,,Indie,https://www.youtube.com/watch?v=1-FQwsdXtsg
Ocarina of Time ~ Boss Battle,"Battle, Boss",Easy,,"Nintendo, The Legend of Zelda",https://www.youtube.com/watch?v=bsRR3h--11Q
Ocarina of Time ~ Deku Tree,"Character, Cutscene",Tough,,"Nintendo, The Legend of Zelda",https://www.youtube.com/watch?v=UbAp9WRTqf4
Ocarina of Time ~ Dinosaur Boss Battle,"Battle, Boss",Normal,,"Nintendo, The Legend of Zelda",https://www.youtube.com/watch?v=Rnlufa--ul4
Ocarina of Time ~ Fire Temple,"Locale, Dungeon, Fiery",Normal,,"Nintendo, The Legend of Zelda",https://www.youtube.com/watch?v=tZGnJF1R0WU
Ocarina of Time ~ Forest Temple,"Locale, Dungeon, Forest",Normal,,"Nintendo, The Legend of Zelda",https://youtu.be/vmhgfqxzIQo?si=60TizvXGNoTqqSX_
Ocarina of Time ~ Gerudo Valley,"Locale, Desert",Easy,,"Nintendo, The Legend of Zelda",https://www.youtube.com/watch?v=U9BcM2ofm_E
Ocarina of Time ~ Goron City,Locale,Normal,,"Nintendo, The Legend of Zelda",https://youtu.be/7syLj018iUw?si=_mUDNfQPEo6xcQe6
Ocarina of Time ~ Heart Container Get,"Jingles, Object",Normal,,"Nintendo, The Legend of Zelda",https://youtu.be/CMDok8CjP9E?si=GdNjTCp9A2BrRqDV
Ocarina of Time ~ Horse Race,"Event, Other",Normal,,"Nintendo, The Legend of Zelda",https://www.youtube.com/watch?v=JX1F9p048HQ
Ocarina of Time ~ House,Locale,Easy,,"Nintendo, The Legend of Zelda",https://www.youtube.com/watch?v=MFRynX6iF0w
Ocarina of Time ~ Hyrule Field,"Locale, Nature",Easy,,"Nintendo, The Legend of Zelda",https://youtu.be/s3YA4-mDkPk?si=e3TYO1iz7mBiCx2I
Ocarina of Time ~ Ingo's Theme,Character,Tough,,"Nintendo, The Legend of Zelda",https://www.youtube.com/watch?v=b2DWj-CrYgg
Ocarina of Time ~ Kaepora Gaebora,Character,Easy,,"Nintendo, The Legend of Zelda",https://www.youtube.com/watch?v=ZbQZCoKAZUs
Ocarina of Time ~ Kakariko Village,"Locale, Town & City",Easy,,"Nintendo, The Legend of Zelda",https://www.youtube.com/watch?v=04c2rDH98_A
Ocarina of Time ~ Kokiri Forest,"Locale, Town & City, Nature, Forest",Easy,,"Nintendo, The Legend of Zelda",https://www.youtube.com/watch?v=MmMIJ65OKzY
Ocarina of Time ~ Kotake & Koume's Theme,Character,Tough,,"Nintendo, The Legend of Zelda",https://youtu.be/YSyVWPLwvvQ?si=1qKUNEFnmW8ZCqJF
Ocarina of Time ~ Last Battle,"Battle, Final Boss",Tough,,"Nintendo, The Legend of Zelda",https://www.youtube.com/watch?v=C6ZGXtCSBXU
Ocarina of Time ~ Lon Lon Ranch,Locale,Easy,,"Nintendo, The Legend of Zelda",https://www.youtube.com/watch?v=S-sbEwxF48U
Ocarina of Time ~ Market,"Locale, Town & City",Easy,,"Nintendo, The Legend of Zelda",https://www.youtube.com/watch?v=GH3YMiVkYfU
Ocarina of Time ~ Middle Boss Battle,"Battle, Boss",Normal,,"Nintendo, The Legend of Zelda",https://www.youtube.com/watch?v=1W5iD1vuFMA
Ocarina of Time ~ Minigame,"Event, Other",Easy,,"Nintendo, The Legend of Zelda",https://www.youtube.com/watch?v=Gu2FXFj6Rlg
Ocarina of Time ~ Navi's Search,"Character, Cutscene",Easy,,"Nintendo, The Legend of Zelda",https://www.youtube.com/watch?v=5MPrx7XdtVw
Ocarina of Time ~ Shadow Temple,"Spooky, Dungeon",Tough,,"Nintendo, The Legend of Zelda",https://youtu.be/XISBVWK4l6s?si=OWJARed-SqDkjmax
Ocarina of Time ~ Sheik's Theme,Character,Tough,,"Nintendo, The Legend of Zelda",https://youtu.be/3iV8MkbGm2o?si=NwA1eQUpc4jSOunk
Ocarina of Time ~ Shop,Locale,Easy,,"Nintendo, The Legend of Zelda",https://youtu.be/VthB8pSun9Y?si=5_1BFlpnEEFGQcpd
Ocarina of Time ~ Staff Credits,Credits,Easy,,"Nintendo, The Legend of Zelda",https://youtu.be/YWBvKwqUMTE?si=ZQnDSm5FN4zR4_3n
Ocarina of Time ~ Temple of Time,Locale,Normal,,"Nintendo, The Legend of Zelda",https://www.youtube.com/watch?v=UfajkVmN6kU
Ocarina of Time ~ Windmill Hut,Locale,Normal,,"Nintendo, The Legend of Zelda",https://www.youtube.com/watch?v=uSX5jVTULP4
Ocarina of Time ~ Zelda's Theme,Character,Easy,,"Nintendo, The Legend of Zelda",https://www.youtube.com/watch?v=AnUt3eRGIeE
Ocarina of Time ~ Zora's Domain,"Locale, Town & City, Aquatic",Easy,,"Nintendo, The Legend of Zelda",https://www.youtube.com/watch?v=pGXJMCIdGoQ
Okami ~ Battle of Ninetails,"Battle, Boss",Lunatic,The other beast with a brush,"Capcom, Okami",https://www.youtube.com/watch?v=bln9eYMbhtQ
Okami ~ Celestial Brush,"Screen, Other, Object",Easy,I can't draw a straight line,"Capcom, Okami",https://www.youtube.com/watch?v=Y0KJQmzcTX8
Okami ~ Enter Waka,"Character, Cutscene, Adversary",Normal,Bonjour!,"Capcom, Okami",https://www.youtube.com/watch?v=KMaWlLXVoU0
Okami ~ Ida Race,"Event, Other",Normal,Who's faster?,"Capcom, Okami",https://www.youtube.com/watch?v=bEYzQvdbWeE
Okami ~ Issun's Theme,Character,Easy,I'm not a bug!!,"Capcom, Okami",https://www.youtube.com/watch?v=yjE4G6aZut4
Okami ~ Northern Country Kamui,"Locale, Snowy",Lunatic,,"Capcom, Okami",https://www.youtube.com/watch?v=GpcZILkffpw
Okami ~ Oki's Theme,"Character, Adversary",Tough,,"Capcom, Okami",https://www.youtube.com/watch?v=oqU3EEaWMXs
Okami ~ Shinshu Field,"Locale, Nature",Normal,,"Capcom, Okami",https://www.youtube.com/watch?v=aohjdfgAuYc
Okami ~ Tama's Theme,Character,Tough,"Draw a circle, add a line","Capcom, Okami",https://www.youtube.com/watch?v=CNpDQk45ymo
Okami ~ The Sun Rises,"Battle, Final Boss",Normal,We're so back,"Capcom, Okami",https://www.youtube.com/watch?v=ya3yxTbkh5s
Okami ~ Theme of the Celestials,Character,Lunatic,,"Capcom, Okami",https://www.youtube.com/watch?v=b70bJASiMNo
Omega Ruby & Alpha Sapphire ~ Battle Resort,Locale,Merciless,,"Nintendo, Pokemon",https://youtu.be/S8tWGtj2N1Q
Omega Ruby & Alpha Sapphire ~ Battle! Deoxys,Battle,Normal,It came from space,"Nintendo, Pokemon",https://youtu.be/azjEe8oVh3Y
Omega Ruby & Alpha Sapphire ~ Battle! Elite Four,"Battle, Boss",Tough,"Dark, ghost, ice, dragon","Nintendo, Pokemon",https://youtu.be/GjltP8GISJE
Omega Ruby & Alpha Sapphire ~ Battle! Gym Leader,"Battle, Boss",Normal,,"Nintendo, Pokemon",https://youtu.be/UXL9NORUfG8
Omega Ruby & Alpha Sapphire ~ Battle! Regi Trio,Battle,Tough,"Flash, Dig, Rock Smash","Nintendo, Pokemon",https://youtu.be/jiDgi4BN7aE
Omega Ruby & Alpha Sapphire ~ Battle! Team Aqua / Team Magma Leader,"Battle, Boss",Tough,The sea or the land?,"Nintendo, Pokemon",https://youtu.be/dA3mccI1DjY
Omega Ruby & Alpha Sapphire ~ Battle! VS Primal Pokemon Groudon/Kyogre,"Battle, Boss",Tough,,"Nintendo, Pokemon",https://youtu.be/t4zCQBn4z5E
Omega Ruby & Alpha Sapphire ~ Battle! VS Rival Brendan/May,"Battle, Character",Easy,,"Nintendo, Pokemon",https://youtu.be/c0qjNuQ68AY
Omega Ruby & Alpha Sapphire ~ Battle! VS Wild Pokemon,Battle,Easy,,"Nintendo, Pokemon",https://www.youtube.com/watch?v=_1Lo06xNWKs
Omega Ruby & Alpha Sapphire ~ Battle! VS Zinnia,"Battle, Character, Boss",Tough,,"Nintendo, Pokemon",https://youtu.be/OmMuVo20Hb8
Omega Ruby & Alpha Sapphire ~ Dive Theme,"Locale, Nature",Normal,,"Nintendo, Pokemon",https://youtu.be/SuSM_krLYME
Omega Ruby & Alpha Sapphire ~ Encounter! Champion Steven,"Character, Adversary",Merciless,Plays once in the game,"Nintendo, Pokemon",https://youtu.be/_iHSeKnu568
Omega Ruby & Alpha Sapphire ~ Encounter! Rival Brendan,Character,Tough,Did you play as May?,"Nintendo, Pokemon",https://youtu.be/u72DI1aj8GU
Omega Ruby & Alpha Sapphire ~ Encounter! Rival May,Character,Tough,Did you play as Brendan?,"Nintendo, Pokemon",https://youtu.be/Ep9L-AsjxGc
Omega Ruby & Alpha Sapphire ~ Encounter! Team Magma/Team Aqua Quintuplets,"Character, Event",Merciless,The only trainer horde battle,"Nintendo, Pokemon",https://youtu.be/J1MN_qxgexI
Omega Ruby & Alpha Sapphire ~ Encounter! Wally,"Character, Adversary",Tough,What a nice young man,"Nintendo, Pokemon",https://youtu.be/5c3VjxJbfG0
Omega Ruby & Alpha Sapphire ~ Encounter! Zinnia,"Character, Adversary",Tough,,"Nintendo, Pokemon",https://youtu.be/wRUYsQFsX2Y
Omega Ruby & Alpha Sapphire ~ Launching Into Space,"Cutscene, Space",Lunatic,,"Nintendo, Pokemon",https://youtu.be/Q0GMPne5PrM?si=A7MYdnoHjMU8u3XB
Omega Ruby & Alpha Sapphire ~ Mt. Pyre/Shoal Cave,"Locale, Nature",Normal,,"Nintendo, Pokemon",https://www.youtube.com/watch?v=xc3LEjgPtIc
Omega Ruby & Alpha Sapphire ~ Route 101/102/103,Locale,Normal,Trying to find a Ralts,"Nintendo, Pokemon",https://www.youtube.com/watch?v=1cL1ZOr9Ob0
Omega Ruby & Alpha Sapphire ~ Soaring the Skies (Day),"Event, Other",Normal,New mechanic added in remake,"Nintendo, Pokemon",https://youtu.be/Y4thWT1djIo
Omega Ruby & Alpha Sapphire ~ Trick House,Locale,Easy,You're being watched...,"Nintendo, Pokemon",https://youtu.be/Hn497uJ0Af4
Omori ~ Title,"Screen, Other",Lunatic,,"Indie, Omori",https://www.youtube.com/watch?v=9d9e6XmNn9Q
OneShot ~ Alula,Character,Normal,,"Indie, OneShot",https://youtu.be/rx4aqT5R1jc
OneShot ~ Flooded Ruins,Locale,Tough,,"Indie, OneShot",https://youtu.be/_VixQX5QEHU
OneShot ~ Library Stroll,Locale,Tough,Do you have a library card?,"Indie, OneShot",https://youtu.be/DfPid8-Z9Yc
OneShot ~ My Burden is Dead,"Screen, Other",Merciless,You killed Niko.,"Indie, OneShot",https://youtu.be/kTMi1eHCcQo
OneShot ~ My Burden is Light,"Screen, Other",Easy,,"Indie, OneShot",https://youtu.be/-wtiB7oXKsw
OneShot ~ Niko and the World Machine,Other,Tough,,"Indie, OneShot",https://youtu.be/lJ2XqMF36jg
OneShot ~ On Little Cat Feet,"Locale, Town & City",Easy,Plays in The Refuge,"Indie, OneShot",https://youtu.be/JcmkEDOAIqk
OneShot ~ Phosphor,Locale,Normal,,"Indie, OneShot",https://youtu.be/FtMKV6gNbSQ
OneShot ~ Self Contained Universe,Other,Lunatic,The needs of the many...,"Indie, OneShot",https://youtu.be/Up8ZwW4SRGc
OneShot ~ Thanks For Everything,Other,Lunatic,,"Indie, OneShot",https://youtu.be/tc0U-Xu-zHw
Overcooked ~ Ice,Snowy,Lunatic,,Other,https://youtu.be/87qiwCxgtno
Paper Mario ~ A City in the Stars,"Locale, Town & City, Space",Tough,,"Nintendo, Mario",https://youtu.be/uNmyj2Ovadg?si=RIVaIkFSVQpOK9Ah
Paper Mario ~ Attack of the Koopa Bros.,"Battle, Boss",Normal,,"Nintendo, Mario",https://youtu.be/0zMBwK4MRwc
Paper Mario ~ Boo's Mansion Theme,"Locale, Spooky",Normal,,"Nintendo, Mario",https://youtu.be/A4MLODujfOk?si=QeVP8MVYXrJumLFc
Paper Mario ~ Clouds Over Flower Fields,"Locale, Nature",Tough,,"Nintendo, Mario",https://youtu.be/NHjnTYZ0CB8?si=HFrC25dfkqcRKBNJ
Paper Mario ~ Cloudy Climb,Locale,Lunatic,,"Nintendo, Mario",https://youtu.be/TTXHfLAsok0
Paper Mario ~ Club 64,Locale,Lunatic,,"Nintendo, Mario",https://youtu.be/imqCrPHl8f0?si=Y8kIP1u7ZKxBejx2
Paper Mario ~ Cold Reception in Shiver City,"Locale, Town & City, Snowy",Normal,,"Nintendo, Mario",https://youtu.be/vVrPHZwQyqo?si=LiFlPh6aoNqNjaYs
Paper Mario ~ Crystal Palace Crawl,"Locale, Snowy",Normal,,"Nintendo, Mario",https://www.youtube.com/watch?v=cMJg3otrGkw
Paper Mario ~ Dry Dry Desert Trek,"Locale, Desert",Normal,,"Nintendo, Mario",https://youtu.be/vt7xLnX2bOA?si=_ZimWmp_7Tg3-iJd
Paper Mario ~ Flower Fields Rondo,"Locale, Nature",Lunatic,,"Nintendo, Mario",https://youtu.be/cZeCeDoojyg?si=Z2UKYwVAL11_a_El
Paper Mario ~ Ghost Gulping,"Battle, Boss",Normal,,"Nintendo, Mario",https://youtu.be/9RJl9pL0hZI
Paper Mario ~ Go! Mario! Go! (Phase 2),"Battle, Boss",Tough,,"Nintendo, Mario",https://youtu.be/YmjoX8M69MY
Paper Mario ~ Goomba King's Decree,"Battle, Boss",Normal,,"Nintendo, Mario",https://youtu.be/TWWMqggbZ-0?si=WHJ4NaVclYhk0Uzo
Paper Mario ~ Goomba Village,"Locale, Town & City, Cutscene",Easy,,"Nintendo, Mario",https://youtu.be/rRB-3TJLCFc
Paper Mario ~ Gourmet Guy's Ecstasy,"Character, Event, Cutscene",Merciless,,"Nintendo, Mario",https://youtu.be/oiGwo0eVngw
Paper Mario ~ Huffin' and Puffin',"Boss, Battle",Tough,,"Nintendo, Mario",https://youtu.be/yaNFTlIEQMs
Paper Mario ~ Journey to Bowser's Castle,Cutscene,Tough,,"Nintendo, Mario",https://youtu.be/SpC3jco6Y0U
Paper Mario ~ Jr. Troopa Battle,"Battle, Boss",Normal,,"Nintendo, Mario",https://youtu.be/XBgcrnO1cYQ
Paper Mario ~ Keeping Pace,"Battle, Boss",Tough,,"Nintendo, Mario",https://youtu.be/YP8DqvXxBlI?si=VI3pJl7IJ6e5J6hs
Paper Mario ~ Koopa Village,"Locale, Town & City",Normal,,"Nintendo, Mario",https://youtu.be/DvH2pN0r3x0?si=KJWW7MfRVGIB47v4
Paper Mario ~ Lakilester the Great,Character,Lunatic,,"Nintendo, Mario",https://youtu.be/FVBU3JWS7tY
Paper Mario ~ Madam Merlar,"Locale, Character",Lunatic,,"Nintendo, Mario",https://youtu.be/5aaH9mOd-gI?si=xIum0Jfrxor2eCMy
Paper Mario ~ Main Title,"Screen, Other",Easy,,"Nintendo, Mario",https://youtu.be/j4dlMRzIxQI
Paper Mario ~ Master Battle,"Battle, Boss",Lunatic,,"Nintendo, Mario",https://youtu.be/imqCrPHl8f0?si=S5g1_Lpol5zU0o7U
Paper Mario ~ Moustafa,Character,Lunatic,,"Nintendo, Mario",https://youtu.be/FuydIVgr34s?si=jAakNbQ9y0Aku71-
Paper Mario ~ Mt. Rugged,"Locale, Nature",Normal,,"Nintendo, Mario",https://youtu.be/Wu27YuLDDlU?si=H2UGmDMg-5ks-TPT
Paper Mario ~ Over Shiver Mountain,"Locale, Snowy",Tough,,"Nintendo, Mario",https://youtu.be/5aaH9mOd-gI?si=9mEOVsmMlSy8N4U5
Paper Mario ~ Raphael the Raven,Character,Lunatic,,"Nintendo, Mario",https://youtu.be/NHjnTYZ0CB8?si=8OlWul8CS_6E0eSe
Paper Mario ~ Sad Sun,"Locale, Character",Lunatic,,"Nintendo, Mario",https://youtu.be/nM0K0ESs-PM?si=YRZ6p0DsMiGtppPE
Paper Mario ~ Shooting Star Summit,Locale,Normal,,"Nintendo, Mario",https://youtu.be/fuc8luyWEZ0
Paper Mario ~ Star Way,"Locale, Space",Lunatic,,"Nintendo, Mario",https://youtu.be/uNmyj2Ovadg?si=p_RvIywXXTKDmdFd
Paper Mario ~ Toad Town,"Locale, Town & City",Easy,,"Nintendo, Mario",https://youtu.be/tJYFFCDf3vU
Paper Mario ~ Trojan Bowser,"Boss, Battle",Tough,,"Nintendo, Mario",https://youtu.be/EFkIg-klzLc?si=GWrQTgdlOD6ICAFg
Paper Mario ~ Twink's Theme,Character,Normal,,"Nintendo, Mario",https://youtu.be/6-mVl9pCtdY?si=sdExaj2E8KIuEr1b
Paper Mario ~ Victory Parade,Credits,Tough,,"Nintendo, Mario",https://youtu.be/0jrH3UIAbC4?si=sk-mqViRWzBwZ33W
Paper Mario ~ Welcome to Yoshi's Village,"Locale, Town & City",Normal,,"Nintendo, Mario",https://youtu.be/XXEyq5K-XYg?si=dQD5Y1DXJsZHctB5
Paper Mario: Color Splash ~ Eerie Hotel,"Locale, Spooky",Merciless,,"Nintendo, Mario",https://www.youtube.com/watch?v=OvYsONQdNaw
Paper Mario: Color Splash ~ Farewell,Cutscene,Tough,,"Nintendo, Mario",https://www.youtube.com/watch?v=GBsw-3fSXV8
Paper Mario: Color Splash ~ Kamek's Theme,"Character, Adversary",Tough,,"Nintendo, Mario",https://www.youtube.com/watch?v=1uYImYNXgUI
Paper Mario: Color Splash ~ Main Theme (Title Screen),"Screen, Other",Lunatic,,"Nintendo, Mario",https://www.youtube.com/watch?v=rxTY9sgvUwA
Paper Mario: Color Splash ~ Marmalade Valley,Locale,Tough,,"Nintendo, Mario",https://www.youtube.com/watch?v=O-u4pNHZpfE
Paper Mario: The Origami King ~ Olivia's Plea,Cutscene,Lunatic,,"Nintendo, Mario",https://www.youtube.com/watch?v=CvoD835yOZE
Paper Mario: The Origami King ~ Sad Olivia,Cutscene,Tough,,"Nintendo, Mario",https://www.youtube.com/watch?v=VW128AiI3io
Paper Mario: The Thousand Year Door ~ Battle - Chapter 6,Battle,Easy,,"Nintendo, Mario",https://www.youtube.com/watch?v=uOCAAgEl2p4
Paper Mario: The Thousand Year Door ~ Rogueport,"Locale, Town & City",Easy,,"Nintendo, Mario",https://youtu.be/K5outOkHVmM?si=N1wdZdkoXz7a-i3V
Paper Mario: The Thousand Year Door ~ The X-Naut Fortress,"Locale, Space",Normal,,"Nintendo, Mario",https://youtu.be/qTRFukgtjGg?si=5bVt0dsrMAGkMPh7
Paper Mario: The Thousand-Year Door ~ Atomic Boo,"Battle, Boss, Spooky",Normal,,"Nintendo, Mario",https://www.youtube.com/watch?v=nHKjF36pUjA
Paper Mario: The Thousand-Year Door ~ Koops,Character,Normal,,"Nintendo, Mario",https://www.youtube.com/watch?v=TGBZdSyBEI4
Path of Radiance ~ Life Returns,"Credits, Vocals",Merciless,,"Nintendo, Fire Emblem",https://youtu.be/4g3qY0GpJB0?si=WofSxUGIHbyIzW2H
Peggle Deluxe ~ Menu (Duel),Screen,Normal,,PopCap,https://www.youtube.com/watch?v=cn0zQDGVwnc
Penny's Big Breakaway ~ Outside The Eidophysikon,Space,Tough,,"Indie, Penny's Big Breakaway",https://www.youtube.com/watch?v=W7ZPyLYTchE
Penny's Big Breakaway ~ Sparks of the Cobalt Sands,Desert,Tough,,"Indie, Penny's Big Breakaway",https://www.youtube.com/watch?v=PgsJ7b1TWqc
Penny's Big Breakaway ~ Triadic Ballet,"Battle, Final Boss",Tough,,"Indie, Penny's Big Breakaway",https://www.youtube.com/watch?v=1B_-cyR9eDg
Penny's Big Breakaway ~ Tutto Finisce a Tarallucci e Vino,Fiery,Tough,,"Indie, Penny's Big Breakaway",https://www.youtube.com/watch?v=RD6t3UWeQs8
Persona 3 Reload ~ Full Moon Full Life,"Vocals, Other",Normal,,"SEGA, Persona",https://youtu.be/hWhgrA2dhrk
Persona 3 Reload ~ It's Going Down Now,"Battle, Vocals",Normal,,"SEGA, Persona",https://youtu.be/2KuWjZD6PBA?si=ciaR_HHIJhG8bhKL
Persona 4 ~ A New World Fool,"Battle, Boss",Lunatic,,"SEGA, Persona",https://youtu.be/mrV0J9yIW8c?si=oBbD-wdWPTOqPnL9
Persona 4 ~ I'll Face Myself -Battle-,"Battle, Boss",Easy,,"SEGA, Persona",https://youtu.be/zl74EmI0DxE?si=WBE26lr9zanl45r-
Persona 4 ~ Reach Out To The Truth,Battle,Easy,,"SEGA, Persona",https://youtu.be/TeOwcqngDx4?si=4Zy6-6U2m-qO8H7i
Persona 4 ~ Reach Out To The Truth -First Battle-,Battle,Normal,,"SEGA, Persona",https://youtu.be/6GmXoN65pnA?si=5xlnu16xPZECTBCX
Persona 4 ~ Results,"Event, Other, Screen",Normal,,"SEGA, Persona",https://youtu.be/DzkklgSJf8o
Persona 4 ~ Signs of Love,"Locale, Vocals",Normal,,"SEGA, Persona",https://youtu.be/tTu-Uhlu4RU?si=fodyx7uDz9PB5Ruy
Persona 4 ~ Your Affection,"Locale, Town & City, Vocals",Normal,,"SEGA, Persona",https://youtu.be/d-x3ojOGWa8?si=4LEHdEg77ugq_jcN
Persona 5 ~ A Woman,"Locale, Dungeon",Tough,,"SEGA, Persona",https://youtu.be/U4GtfoTffJc?si=LDcZ20zYQzETOKTH
Persona 5 ~ Ark,"Locale, Dungeon",Lunatic,,"SEGA, Persona",https://youtu.be/wRaNc7nkpLA?si=AF6fDhNQkvbMTwxH
Persona 5 ~ Beneath the Mask,"Locale, Vocals",Easy,,"SEGA, Persona",https://youtu.be/0-R0jxIxvh8?si=_kVHI3-Pa9ZgzfoR
Persona 5 ~ Blooming Villain,"Battle, Boss",Easy,,"SEGA, Persona",https://youtu.be/E8l57E8OKdI?si=wX5zZfetEgRFYx79
Persona 5 ~ Butterfly Kiss,Locale,Normal,,"SEGA, Persona",https://youtu.be/fTM2j1LWUa4?si=i20G8vepmmcx7i44
Persona 5 ~ Freedom and Security,"Locale, Dungeon",Lunatic,,"SEGA, Persona",https://youtu.be/j_nEj9rkiSc?si=Mgm1cCcqGv5x1HPG
Persona 5 ~ Hawaii,Locale,Tough,,"SEGA, Persona",https://youtu.be/5Fxb6RjRF1o?si=GfEDihEa2bois3Lz
Persona 5 ~ Last Surprise,"Battle, Vocals",Easy,,"SEGA, Persona",https://youtu.be/qOp4TZeZ8mY
Persona 5 ~ Layer Cake,Locale,Normal,,"SEGA, Persona",https://youtu.be/TFJxgfPYiMI?si=zbDUFiN_qSG2nzBA
Persona 5 ~ Life Will Change,Event,Normal,,"SEGA, Persona",https://youtu.be/dsuJZx24V_A?si=DTq8u3cJKR42nYSI
Persona 5 ~ Phantom,"Screen, Other",Tough,,"SEGA, Persona",https://youtu.be/qI_g-fGLT7c?si=krvzUhAY64j2H6sU
Persona 5 ~ Rivers in the Desert,"Battle, Boss, Vocals",Tough,,"SEGA, Persona",https://youtu.be/pwagDounDbM?si=XckiluqoQmoJxsep
Persona 5 ~ Swear to My Bones,Cutscene,Lunatic,,"SEGA, Persona",https://youtu.be/5dUT-1zBuaA?si=xw3aFaIZcj-zKnRI
Persona 5 ~ Sweatshop,"Locale, Dungeon",Tough,,"SEGA, Persona",https://youtu.be/_VWV7ffGYJw?si=s64-_Wv2QsOHqIfA
Persona 5 ~ Talk,Event,Lunatic,,"SEGA, Persona",https://youtu.be/SQpk59ZXAcM
Persona 5 ~ The Days When My Mother Was There,"Locale, Dungeon",Normal,,"SEGA, Persona",https://youtu.be/jQXsCphBpw8?si=Upphj6S6gMBTk7Bg
Persona 5 ~ The Whims of Fate,"Locale, Dungeon, Vocals",Tough,,"SEGA, Persona",https://youtu.be/58p--cGb8Rw?si=BdiTLkCJFcASnh9E
"Persona 5 ~ Wake Up, Get Up, Get Out There","Screen, Other, Vocals",Easy,,"SEGA, Persona",https://youtu.be/SmQ1ZXTHNKA?si=1jtdSvy_0T3DiWiv
Persona 5 ~ Will Power,Battle,Tough,,"SEGA, Persona",https://youtu.be/KfeLWYThNAk?si=friJm04CfpGajmnF
Persona 5 Royal ~ Colors Flying High,"Screen, Other, Vocals",Normal,,"SEGA, Persona",https://youtu.be/Hav5_xSeIjg?si=I7NIWlO7EC3q6LQ5
Persona 5 Royal ~ Take Over,"Battle, Vocals",Normal,,"SEGA, Persona",https://youtu.be/JhEL_OQfz2w?si=o5fEj8h--O_UpNln
Persona 5 Strikers ~ Daredevil,"Locale, Vocals",Tough,,"SEGA, Persona",https://youtu.be/3ucIdYj42sM?si=OXuZsaMGWzleg_eJ
Persona Q ~ Best Friend,"Battle, Boss",Merciless,,"SEGA, Persona",https://www.youtube.com/watch?v=imtOqsO99OA
Persona Q ~ Laser Beam,"Battle, Boss, Vocals",Lunatic,,"SEGA, Persona",https://www.youtube.com/watch?v=yNFnrhdyHKY
Persona Q ~ Maze of Life,"Screen, Other, Vocals",Tough,,"SEGA, Persona",https://www.youtube.com/watch?v=B8vzOdkvZVA
Persona Q ~ Time's Footsteps,Locale,Merciless,,"SEGA, Persona",https://www.youtube.com/watch?v=jzTUAT02cuI
Persona Q2: New Cinema Labyrinth ~ Road Less Taken (Full Version),"Screen, Vocals",Tough,It's showtime,"SEGA, Persona",https://youtu.be/lGS9flfg8Vg?si=XdwkHqSLa4MCALrz
Phantasy Star Online 2 ~ Song of War: Against Fate,"Battle, Boss, Vocals",Merciless,,"SEGA, Phantasy Star",https://youtu.be/sLdMY60pLJ0?si=gHTRcQImd6Tuq5Oz
Pikmin ~ Forest of Hope,"Locale, Nature",Easy,,"Nintendo, Pikmin",https://youtu.be/jc3gs7OJ0Jc
Pikmin ~ Impending Doom,"Battle, Boss",Tough,,"Nintendo, Pikmin",https://youtu.be/7YzSTPz6qbk
Pikmin ~ Power Up!,Jingles,Normal,,"Nintendo, Pikmin",https://youtu.be/YrcNhmOAFP8
Pikmin 2 ~ 2-Player Battle Mode (Olimar),"Locale, Battle",Lunatic,,"Nintendo, Pikmin",https://www.youtube.com/watch?v=LH2MB5pq860
Pikmin 2 ~ Bulblax Kingdom (Olimar),"Locale, Dungeon",Normal,,"Nintendo, Pikmin",https://www.youtube.com/watch?v=hB5vyLgaiM4
Pikmin 2 ~ Jellyfloat (Olimar),"Locale, Dungeon, Aquatic",Tough,,"Nintendo, Pikmin",https://www.youtube.com/watch?v=UvsOXzKYqs4
Pikmin 2 ~ Submerged Castle,"Aquatic, Spooky",Easy,,"Nintendo, Pikmin",https://www.youtube.com/watch?v=fL9lHzeNDgs
Pikmin 3 ~ Distant Tundra (Morning),"Locale, Snowy",Tough,,"Nintendo, Pikmin",https://www.youtube.com/watch?v=cuN3xVoteJo
Pikmin 3 ~ Rainy Day (Day),Locale,Tough,,"Nintendo, Pikmin",https://www.youtube.com/watch?v=p6yX1dDOz1Q
Pikmin 3 ~ Twilight River (Day),Locale,Tough,,"Nintendo, Pikmin",https://youtu.be/WbWeKmuUImA
Pikuniku ~ Baskick,"Event, Other",Merciless,We're ballin',"Devolver Digital, Pikuniku",https://youtu.be/dLfQ-XWazdg
Pikuniku ~ Free Money!,Cutscene,Lunatic,Capitalism!,"Devolver Digital, Pikuniku",https://youtu.be/mrnipxEveG8
Pikuniku ~ The Sun Is Shining,"Locale, Nature",Lunatic,Main objective: where am I?,"Devolver Digital, Pikuniku",https://youtu.be/M2_TAQ0pl3s
Pikuniku ~ Toastopia,Event,Merciless,Toasters toast toast,"Devolver Digital, Pikuniku",https://www.youtube.com/watch?v=RL-8x8Jeqvw
Pikuniku ~ Welcome (Title Screen),"Screen, Other",Tough,I'm just a little guy,"Devolver Digital, Pikuniku",https://youtu.be/YqAxrwNySqs
Pizza Tower ~ Don't Preheat your Oven Because if you do the Song Won't Play,Snowy,Normal,,Indie,https://www.youtube.com/watch?v=kR1o0kCdT2w
Pizza Tower ~ It's Pizza Time!,Other,Easy,,Indie,https://www.youtube.com/watch?v=OLFcQqFVvZg
Plants vs. Zombies ~ Brainiac Maniac,"Battle, Final Boss",Normal,The Zomboss is here!,"PopCap, Plants vs Zombies",https://www.youtube.com/watch?v=mzL8GugPslM
Plants vs. Zombies ~ Cerebrawl (Puzzle Minigames),"Battle, Event",Tough,I hate Vasebreaker...,"PopCap, Plants vs Zombies",https://youtu.be/sVTpo0S174s
Plants vs. Zombies ~ Choose Your Seeds,Screen,Easy,Who will you pick?,"PopCap, Plants vs Zombies",https://youtu.be/wzA8mPQRPvI
Plants vs. Zombies ~ Grasswalk (Day Theme),"Locale, Battle",Normal,Sunflowers and peashooters,"PopCap, Plants vs Zombies",https://youtu.be/JA_1T1OBdJ0
Plants vs. Zombies ~ Graze the Roof (Horde Version),"Locale, Battle",Tough,YEEEEEHAWWWW-,"PopCap, Plants vs Zombies",https://youtu.be/Ih5QNrF8M_4
Plants vs. Zombies ~ Graze the Roof (Roof Theme),"Locale, Battle",Tough,"Cabbage, corn, and watermelons","PopCap, Plants vs Zombies",https://youtu.be/UzIBQQzvfQU
Plants vs. Zombies ~ Loonboon (Minigames),"Battle, Event",Normal,Bowling with walnuts,"PopCap, Plants vs Zombies",https://youtu.be/uYqThgUZrHI
Plants vs. Zombies ~ Main Menu,"Screen, Other",Easy,Brainsssss....,"PopCap, Plants vs Zombies",https://youtu.be/4w3VqzwJ1j4
Plants vs. Zombies ~ Moongrains (Night Theme),"Locale, Battle",Tough,Mushrooms only,"PopCap, Plants vs Zombies",https://youtu.be/6OZJo0hmKqc
Plants vs. Zombies ~ Rigor Mormist (Fog Theme),"Locale, Battle",Tough,I can't see past the fog,"PopCap, Plants vs Zombies",https://youtu.be/lrQSKbTyxHs
Plants vs. Zombies ~ Ultimate Battle,"Battle, Boss",Normal,"1-10, 2-10, 3-10, etc","PopCap, Plants vs Zombies",https://youtu.be/vyEqu6lFu2k?
Plants vs. Zombies ~ Victory Theme,Jingles,Normal,Survived the horde,"PopCap, Plants vs Zombies",https://youtu.be/C7ZfKiqvaig
Plants vs. Zombies ~ Watery Graves (Pool Theme),"Locale, Battle",Tough,Lily pads and tangle kelp,"PopCap, Plants vs Zombies",https://youtu.be/-BpBb4-2O44
Plants vs. Zombies ~ Zen Garden,Screen,Lunatic,Take care of your plants!,"PopCap, Plants vs Zombies",https://www.youtube.com/watch?v=qlnIZlBUoIc
Plants vs. Zombies ~ Zombies on Your Lawn,"Credits, Vocals",Easy,You got a sunflower trophy!,"PopCap, Plants vs Zombies",https://youtu.be/TmWvCSwQZsM
PMD: EoTD ~ Beach Cave,"Locale,Dungeon",Normal,,"Nintendo,Pokemon",https://www.youtube.com/watch?v=YIHs9WDhulU
PMD: EoTD ~ Dialga's Fight to the Finish!,Battle,Normal,,"Nintendo,Pokemon",https://www.youtube.com/watch?v=e2mghyLzCWw
PMD: EoTD ~ Don't Ever Forget...,Cutscene,Normal,,"Nintendo,Pokemon",https://www.youtube.com/watch?v=OhsFEoDGD7Q
PMD: EoTD ~ On the Beach at Dusk,Cutscene,Easy,,"Nintendo,Pokemon",https://www.youtube.com/watch?v=VL5yuyynz2A
PMD: EoTD ~ Team Skull,Character,Tough,,"Nintendo,Pokemon",https://www.youtube.com/watch?v=0Z6hd7FIhE0
PMD: EoTD ~ Through the Sea of Time,Cutscene,Normal,,"Nintendo,Pokemon",https://www.youtube.com/watch?v=nrgABf4UN80
PMD: EoTD ~ Time Gear Remix,"Cutscene,Object",Normal,,"Nintendo,Pokemon",https://www.youtube.com/watch?v=sRmWu9LaBL8
PMD: EoTD ~ Treasure Town,"Locale,Town & City",Easy,,"Nintendo,Pokemon",https://www.youtube.com/watch?v=StmSDdjLURY
PMD: EoTD ~ Vast Ice Mountain Peak,"Locale, Snowy",Normal,,"Nintendo, Pokemon",https://www.youtube.com/watch?v=nvGvLsrtTvo
PMD: Rescue Team DX ~ Escape through the Snow,Snowy,Tough,,"Nintendo, Pokemon",https://www.youtube.com/watch?v=XDvLfSklnzA
Pokémon Colosseum ~ Mirakle B.'s Imitation Groove,"Battle, Character",Merciless,Discount Miror B,"Nintendo, Pokemon",https://www.youtube.com/watch?v=Qncp3xNLihw
Pokémon Colosseum ~ Miror B.'s Retro Groove,"Battle, Character, Boss",Easy,The grooviest guy in Pokémon,"Nintendo, Pokemon",https://www.youtube.com/watch?v=V9VS_KcCOs4
Pokémon Colosseum ~ Pyrite Town,"Locale, Town & City",Normal,,"Nintendo, Pokemon",https://youtu.be/HeIhzHCr2GA
Pokémon Colosseum ~ Semi Finals,Battle,Lunatic,,"Nintendo, Pokemon",https://youtu.be/OzaxlVjWqCw
Pokémon Conquest ~ Main Theme,"Screen, Other",Easy,,"Nintendo, Pokemon",https://youtu.be/6droq3Qme_k
Pokémon D/P/Pt ~ Battle! Azelf/Mesprit/Uxie,Battle,Tough,"Knowledge, emotion, willpower","Nintendo, Pokemon",https://youtu.be/o-pRF3G8Jfc
Pokémon D/P/Pt ~ Lake,"Locale, Aquatic",Easy,,"Nintendo, Pokemon",https://www.youtube.com/watch?v=0aPosoat6Sg
Pokémon D/P/Pt ~ Mt. Coronet,"Locale, Dungeon",Easy,,"Nintendo, Pokemon",https://youtu.be/8hASaRRCwgc
Pokémon D/P/Pt ~ Route 216/217/Acuity Lakefront (Day),"Locale, Snowy",Easy,,"Nintendo, Pokemon",https://www.youtube.com/watch?v=UBnhOZEodlE
Pokémon D/P/Pt ~ Snowpoint City (Day),"Locale, Town & City, Snowy",Normal,,"Nintendo, Pokemon",https://youtu.be/iGdbgiuNfxs
Pokémon Duel ~ Brenda,Character,Merciless,,"Nintendo, Pokemon",https://www.youtube.com/watch?v=0pCil8IrDHs
Pokémon Duel ~ Epic Duel,"Battle, Boss",Merciless,,"Nintendo, Pokemon",https://www.youtube.com/watch?v=ns7hoAnyUxs
Pokémon Legends Arceus ~ Alabaster Icelands,"Locale, Snowy",Normal,,"Nintendo, Pokemon",https://www.youtube.com/watch?v=Ty6QWMa4YLY
Pokémon Platinum ~ Lilycove Bossa Nova,Locale,Merciless,,"Nintendo, Pokemon",https://youtu.be/b0XE0dUL5QU?si=GWzj6lgnpudsHy0f
Pokémon Red & Blue ~ Lavender Town,"Locale, Town & City, Spooky",Easy,Origin of some creepypastas,"Nintendo, Pokemon",https://www.youtube.com/watch?v=JNJJ-QkZ8cM
Pokémon Red & Blue ~ Pokémon Center,Locale,Easy,,"Nintendo, Pokemon",https://youtu.be/I_pRfIE6PgQ?si=j3jY_MVMk8GjTBZA
Pokémon Rumble Blast ~ Northerly Town,"Locale, Town & City, Snowy",Lunatic,,"Nintendo, Pokemon",https://www.youtube.com/watch?v=hXlkQPE9E-4
Pokémon Sun and Moon ~ Abandoned Thrifty Megamart,"Locale, Spooky",Lunatic,You probably wish this trial was over,"Nintendo, Pokemon",https://www.youtube.com/watch?v=u_2_cLdy0js
Pokémon Sun and Moon ~ Battle! Team Skull,Battle,Easy,Bunch of numbskulls,"Nintendo, Pokemon",https://youtu.be/ZARRk-pLArU
Pokémon Sun and Moon ~ Gladion's Theme,Character,Easy,,"Nintendo, Pokemon",https://youtu.be/ro5x81qwGBA
Pokémon Sun and Moon ~ Hau'oli City (Night),"Locale, Town & City",Normal,,"Nintendo, Pokemon",https://youtu.be/dP6FBS45AzU
Pokémon Sun and Moon ~ Have a Break at the Cafe,Event,Lunatic,,"Nintendo, Pokemon",https://youtu.be/AJ_n6DtZI1w
Pokémon Sun and Moon ~ Lusamine's Theme,Character,Normal,,"Nintendo, Pokemon",https://youtu.be/d92tYYhtk1Q
Pokémon Sun and Moon ~ The Summit of Mount Lanakila,"Locale, Snowy",Tough,,"Nintendo, Pokemon",https://youtu.be/cWztCT8bzDA
Pokémon Sun and Moon ~ Thrifty Megamart,Locale,Lunatic,"Buy one, get one free!","Nintendo, Pokemon",https://www.youtube.com/watch?v=tV-A-TsEQ08
Pokémon Sword/Shield ~ Circhester,"Locale, Town & City, Snowy",Lunatic,,"Nintendo, Pokemon",https://www.youtube.com/watch?v=-dD2GdjcwXA
Pokémon Sword/Shield ~ Freezington,"Locale, Town & City, Snowy",Lunatic,Part of a DLC expansion,"Nintendo, Pokemon",https://www.youtube.com/watch?v=Tsx4ngVMu84
Pokémon Unite ~ Halloween Menu,Screen,Lunatic,,"Nintendo, Pokemon",https://www.youtube.com/watch?v=cKPUHpO4flQ
Pokémon X & Y ~ Scary House,Spooky,Tough,,"Nintendo, Pokemon",https://www.youtube.com/watch?v=P12a81BSfa0
Pokémon Yellow ~ Pikachu's Beach,Event,Merciless,,"Nintendo, Pokemon",https://youtu.be/t0VwzNnKdso
PokéPark Wii: Pikachu's Adventure ~ Iceberg Zone,"Locale, Snowy",Merciless,,"Nintendo, Pokemon",https://www.youtube.com/watch?v=uNF_kTzZzE4
Pokken Tournament ~ Character Select,Screen,Normal,,"Nintendo, Namco, Pokemon",https://youtu.be/tOYs_pjVax8
Pokken Tournament ~ Dragon's Nest,Locale,Lunatic,,"Nintendo, Namco, Pokemon",https://youtu.be/-1aFbhdzn1A
Pokken Tournament ~ Halloween Event,Event,Lunatic,,"Nintendo, Namco, Pokemon",https://youtu.be/6Uz0sfZrcq0
Pokken Tournament ~ Haunted House,"Locale, Spooky",Lunatic,,"Nintendo, Namco, Pokemon",https://youtu.be/40GavVT8so0
Pokken Tournament ~ Magikarp Festival,Locale,Easy,,"Nintendo, Namco, Pokemon",https://youtu.be/x3VCkfR2NKQ
Pokken Tournament ~ Mystery Carnival,Locale,Lunatic,,"Nintendo, Namco, Pokemon",https://youtu.be/GItckjrdb4I
Pokken Tournament ~ Neos City,"Locale, Town & City",Lunatic,,"Nintendo, Namco, Pokemon",https://youtu.be/TyTh8GtYcT0
Pokken Tournament ~ Tellur Town (Autumn),"Locale, Town & City",Lunatic,,"Nintendo, Namco, Pokemon",https://youtu.be/tOiXcjs-wsE
Pokken Tournament ~ Training Mode,Event,Tough,,"Nintendo, Namco, Pokemon",https://youtu.be/87jovCTcFsA
Pokken Tournament DX ~ Thalia Beach,Locale,Lunatic,,"Nintendo, Namco, Pokemon",https://youtu.be/SMcigZNlSqg
Process of Elimination ~ Detective Comedy,Event,Merciless,,"NIS America, Other",https://youtu.be/pwgFFSrKPdg
Process of Elimination ~ Detective Q,Event,Merciless,,"NIS America, Other",https://youtu.be/HPg260i1UPg
Process of Elimination ~ The Day Must Go On,"Screen, Other",Merciless,,"NIS America, Other",https://youtu.be/-ygSGflZqxY
Professor Layton vs Phoenix Wright ~ Phoenix Wright - Objection! 2012,"Character, Event",Normal,,"Capcom, Ace Attorney, Professor Layton",https://youtu.be/BNTmQJUUWc4
Pseudoregalia ~ A Forgotten Fortress (Sansa Keep),Locale,Lunatic,,"Indie, Pseudoregalia",https://youtu.be/jaqvKNAwqMg
Pseudoregalia ~ Delirious Acting (Twilight Theater),Locale,Merciless,,"Indie, Pseudoregalia",https://youtu.be/8xDfgGBpops
Pseudoregalia ~ Outside the Castle Walls (Empty Bailey),Locale,Merciless,,"Indie, Pseudoregalia",https://youtu.be/Knpr3CnUk3Y
Pseudoregalia ~ Pages of Solemnity (Listless Library),Locale,Lunatic,Bookshelves after bookshelves,"Indie, Pseudoregalia",https://youtu.be/bzxVZTR4290
Pseudoregalia ~ Paramnesiac (Boss Theme B),"Battle, Final Boss",Merciless,,"Indie, Pseudoregalia",https://youtu.be/uQpSO8Z8OjY
Pseudoregalia ~ Remnants of the Dream (Main Theme),"Screen, Other",Lunatic,,"Indie, Pseudoregalia",https://youtu.be/7aoQGLuAkR8
Pseudoregalia ~ Revival (Dilapidated Dungeon),Locale,Lunatic,An old dungeon,"Indie, Pseudoregalia",https://youtu.be/so2jp2gtVnk
Pseudoregalia ~ The Fiercely Loyal (Boss Theme A),"Battle, Boss",Lunatic,There is no getting past Strong Eyes,"Indie, Pseudoregalia",https://youtu.be/E3c0lAByby8
Pseudoregalia ~ The Underbelly,"Locale, Spooky",Merciless,Beneath Castle Sansa,"Indie, Pseudoregalia",https://youtu.be/blZuLlxUW2M
Pseudoregalia ~ Their Subdued History (Castle Sansa),Locale,Lunatic,,"Indie, Pseudoregalia",https://youtu.be/7AePzSDP2MM
Pseudoregalia ~ Tower Remains,Locale,Merciless,,"Indie, Pseudoregalia",https://youtu.be/LJm9LTi8nCE
Rayman Origins ~ The Lum King (Harmony),Jingles,Tough,,Ubisoft,https://youtu.be/dQQ72Bn9NAA?si=BloxMAiu_i0pyAxM
Read Only Memories: NEURODIVER ~ Logic GATE (GATE's Theme),Character,Merciless,Your cyborg bodyguard,"Indie, Read Only Memories",https://youtu.be/489wVwADR9o
Read Only Memories: NEURODIVER ~ Lunar Phase (ES88's Theme),Character,Lunatic,Luna Cruz de la Vega,"Indie, Read Only Memories",https://youtu.be/QG25GksqsRs
Read Only Memories: NEURODIVER ~ Welcome to MINERVA,Locale,Merciless,Have a wonderful MINERVA day!,"Indie, Read Only Memories",https://youtu.be/_mVcn3yR_9U
Rhythm Heaven Fever ~ Remix 10 (ENG Version),Event,Lunatic,,"Rhythm Heaven, Nintendo",https://www.youtube.com/watch?v=OVUNcZ3oDIA
Ruby & Sapphire ~ Abandoned Ship,Locale,Easy,,"Nintendo, Pokemon",https://youtu.be/IaPJn7FiZHs
Ruby & Sapphire ~ Battle! Trainer,Battle,Normal,,"Nintendo, Pokemon",https://youtu.be/QbwOXt9U3x8
Ruby & Sapphire ~ Battle! VS Team Magma/Team Aqua,Battle,Normal,,"Nintendo, Pokemon",https://youtu.be/3M_5TLCYP1U
Ruby & Sapphire ~ Fortree City,"Locale, Town & City",Normal,Treehouses everywhere,"Nintendo, Pokemon",https://youtu.be/87jKKsOeE7g
Ruby & Sapphire ~ Game Corner,Locale,Normal,Removed in ORAS,"Nintendo, Pokemon",https://youtu.be/bFm2LQLCqHg
Ruby & Sapphire ~ Littleroot Town,"Locale, Town & City",Easy,Ami's nostalgia,"Nintendo, Pokemon",https://www.youtube.com/watch?v=dX0-pcjQRwg
Ruby & Sapphire ~ Obtained a Badge!,"Jingles, Object",Lunatic,Onto the next town!,"Nintendo, Pokemon",https://youtu.be/7EFj8Y07zCU
Ruby & Sapphire ~ Obtained a TM!,"Jingles, Object",Lunatic,,"Nintendo, Pokemon",https://youtu.be/UjVtNLme3rg
Ruby & Sapphire ~ Petalburg Woods/Rusturf Tunnel,"Locale, Nature",Tough,,"Nintendo, Pokemon",https://youtu.be/s5YXzst-ic0
Ruby & Sapphire ~ Pokemon Center,Locale,Easy,,"Nintendo, Pokemon",https://www.youtube.com/watch?v=I43FDzq8u3A
Ruby & Sapphire ~ Route 104,"Locale, Nature",Normal,,"Nintendo, Pokemon",https://youtu.be/p5vj6j1Nymc
Ruby & Sapphire ~ Route 113,"Locale, Nature",Tough,Collecting soot,"Nintendo, Pokemon",https://youtu.be/5sVMfieZWy0
Ruby & Sapphire ~ Route 120,Locale,Normal,,"Nintendo, Pokemon",https://youtu.be/wbDB3pk_IDg
Ruby & Sapphire ~ Surf Theme,Event,Easy,7.8 out of 10,"Nintendo, Pokemon",https://youtu.be/Zo_KMvD4bdM
Ruby & Sapphire ~ Title Screen: Main Theme,"Screen, Other",Normal,,"Nintendo, Pokemon",https://www.youtube.com/watch?v=4sa_0aCfdCU
Sam & Max Save the World ~ Opening,"Screen, Other",Tough,,Other,https://www.youtube.com/watch?v=eFOJH96Pyio
San Francisco Rush: Extreme Racing ~ Title Screen,"Screen, Other",Merciless,,Atari,https://www.youtube.com/watch?v=-AY1fTmjHXk
Scarlet & Violet ~ Area Zero,"Locale, Nature",Easy,,"Nintendo, Pokemon",https://www.youtube.com/watch?v=edx-drmHWKc
Scarlet & Violet ~ Asado Desert (Riding),"Locale, Desert",Tough,,"Nintendo, Pokemon",https://www.youtube.com/watch?v=YzMyvTE35wU
Scarlet & Violet ~ Battle in the Grotto,Battle,Lunatic,,"Nintendo, Pokemon",https://www.youtube.com/watch?v=EPbGdIaLOo8
Scarlet & Violet ~ Battle! (Arven),"Battle, Boss",Normal,,"Nintendo, Pokemon",https://www.youtube.com/watch?v=Ygo-dce80cc
Scarlet & Violet ~ Battle! (BB League Elite Four),"Battle, Boss",Tough,"Fire, steel, dragon, fairy","Nintendo, Pokemon",https://www.youtube.com/watch?v=jYGGNoV6TvY
Scarlet & Violet ~ Battle! (Calamity Pokémon),Battle,Tough,,"Nintendo, Pokemon",https://www.youtube.com/watch?v=tst-2z7420w
Scarlet & Violet ~ Battle! (Cassiopeia),"Battle, Boss",Normal,,"Nintendo, Pokemon",https://www.youtube.com/watch?v=yUw36wY8fMw
Scarlet & Violet ~ Battle! (Champion Kieran),"Battle, Boss",Tough,,"Nintendo, Pokemon",https://www.youtube.com/watch?v=t3ZVveJK9lU
Scarlet & Violet ~ Battle! (Nemona),"Battle, Boss",Easy,,"Nintendo, Pokemon",https://www.youtube.com/watch?v=aeigujECQK0
Scarlet & Violet ~ Battle! (Team Star Boss),"Battle, Boss",Normal,,"Nintendo, Pokemon",https://www.youtube.com/watch?v=saAKm1od7JI
Scarlet & Violet ~ Battle! (Team Star),Battle,Normal,Hasta la vistar!,"Nintendo, Pokemon",https://www.youtube.com/watch?v=WkfpXAAuN1I
Scarlet & Violet ~ Battle! (Top Champion),Battle,Tough,,"Nintendo, Pokemon",https://www.youtube.com/watch?v=taW77_i4O2A
Scarlet & Violet ~ Battle! (Zero Lab),"Battle, Final Boss",Normal,,"Nintendo, Pokemon",https://www.youtube.com/watch?v=Js8VBwDIMzs
Scarlet & Violet ~ Becoming Stronger,Character,Easy,,"Nintendo, Pokemon",https://www.youtube.com/watch?v=WcnBq5Bu4aM
Scarlet & Violet ~ Obtained a TM!,"Jingles, Object",Easy,,"Nintendo, Pokemon",https://www.youtube.com/watch?v=0Fn26Zc8V1E
Scarlet & Violet ~ Professor Sada / Professor Turo,Character,Normal,,"Nintendo, Pokemon",https://www.youtube.com/watch?v=yBRljuKDCWs
Shadows of Almia ~ Chicole Village,"Locale, Town & City",Tough,,"Nintendo, Pokemon",https://youtu.be/_tvP1SLWTrE?si=R-2cL-wvwxQUWk_u
Shadows of Almia ~ Empoleon Ride,"Event, Aquatic",Lunatic,,"Nintendo, Pokemon",https://youtu.be/GxOIAiLH91o?si=Eobw4NW1Yly6w5ku
Shadows of Almia ~ Game Over,"Screen, Other",Merciless,,"Nintendo, Pokemon",https://youtu.be/JfDGK7J4xGE?si=uua-dNLQvasryaKL
Shadows of Almia ~ Gem Guardian,"Battle, Boss",Lunatic,,"Nintendo, Pokemon",https://youtu.be/-NjAV8ae5w8?si=Tw6SyyKta8ciZ-t5
Shadows of Almia ~ Ranger School (Outside),Locale,Tough,,"Nintendo, Pokemon",https://youtu.be/00_5n6LS_Uw?si=wJBtt34FHkKTarVU
Shadows of Almia ~ Staff Roll,Credits,Lunatic,,"Nintendo, Pokemon",https://youtu.be/JT7G5pTnSs0?si=KtOsfXfqGXOn0hxv
Shadows of Almia ~ Team Dim Sun Admin,"Battle, Boss",Tough,,"Nintendo, Pokemon",https://youtu.be/bMY0hjbxpZM?si=KmlQyYo7qo0MVPoT
Shadows of Almia ~ Team Dim Sun Grunt,Battle,Tough,,"Nintendo, Pokemon",https://youtu.be/yAz6edqd6Lg?si=Gfbjx__cwY9asBfV
Shadows of Almia ~ Team Dim Sun Sinis Trio,"Battle, Boss",Tough,,"Nintendo, Pokemon",https://youtu.be/xkkVycGhrYQ?si=YlSMVoA9aeSTjEam
Shadows of Almia ~ Vien Forest,"Locale, Nature, Forest",Tough,,"Nintendo, Pokemon",https://youtu.be/6u8lXgmsAto?si=0jLuI5wWiAacJEiu
Shadows of Almia ~ Vientown,"Locale, Town & City",Tough,,"Nintendo, Pokemon",https://youtu.be/pxx7s8YfwYM?si=hcP3s1wSNCMrDZ3A
Shovel Knight ~ Steel Thy Shovel,Other,Normal,,"Yacht Club Games, Shovel Knight",https://youtu.be/yQorTNvWFMY
Shovel Knight ~ Strike the Earth! (Plains of Passage),Locale,Easy,--JUSTICE IN SPADES--,"Yacht Club Games, Shovel Knight",https://youtu.be/LPY7qNikycI
Shovel Knight ~ The Decadent Dandy (King Knight Battle),"Battle, Character, Boss",Normal,,"Yacht Club Games, Shovel Knight",https://youtu.be/sxuBtbkyX2o
Shovel Knight ~ Waltz of the Troupple King,"Character, Cutscene",Tough,Lord of fruit and fish,"Yacht Club Games, Shovel Knight",https://youtu.be/94ynuUmSLRw
Skyward Sword ~ Bamboo Island,"Locale, Nature",Tough,,"Nintendo, The Legend of Zelda",https://youtu.be/pvAykF85Uho
Skyward Sword ~ Demise Battle (Phase 1),"Battle, Final Boss",Tough,,"Nintendo, The Legend of Zelda",https://youtu.be/gaenTM5FnwU?si=11X24hgKJrnB3_2p
Skyward Sword ~ Earth Temple,"Dungeon, Fiery",Normal,,"Nintendo, The Legend of Zelda",https://youtu.be/vnMOGhu281s?si=9v-1FD4VIaSoCEit
Skyward Sword ~ Eldin Volcano,"Locale, Fiery, Nature",Normal,,"Nintendo, The Legend of Zelda",https://youtu.be/ojlCC0iuGNk?si=AVxYkkAofxlcu4SZ
Skyward Sword ~ Evil Batreaux,Character,Merciless,,"Nintendo, The Legend of Zelda",https://youtu.be/6TTsNtfAOT8?si=9ZAHgZPD9oPZHddF
Skyward Sword ~ Fi's Theme,Character,Normal,,"Nintendo, The Legend of Zelda",https://youtu.be/HQrqAbLludg?si=CcyWV95YMFzEM4bb
Skyward Sword ~ Foolish Groose Fanfare,Jingles,Merciless,,"Nintendo, The Legend of Zelda",https://youtu.be/pL9CJxI92Ws?si=gxlkJayPoQTm0oZX
Skyward Sword ~ Ghirahim's Theme,"Character, Adversary",Normal,,"Nintendo, The Legend of Zelda",https://youtu.be/f5lGqce9AEQ?si=XoPq_vi72XimFyhK
Skyward Sword ~ Groose Feels Useless,Character,Lunatic,,"Nintendo, The Legend of Zelda",https://youtu.be/_5ZnsJCb-oM?si=7s8wSLqxdJDeUov9
Skyward Sword ~ Groose Got Scared,Jingles,Merciless,,"Nintendo, The Legend of Zelda",https://youtu.be/381OHfDT8B8?si=LywsLcJuCVwbMCM_
Skyward Sword ~ Groose Interrupted By Zelda,Jingles,Merciless,,"Nintendo, The Legend of Zelda",https://youtu.be/ug-OCNPw2qA?si=mo3acjPMK0_E9Atv
Skyward Sword ~ Groose on the Surface,Character,Lunatic,,"Nintendo, The Legend of Zelda",https://youtu.be/381OHfDT8B8?si=BaLyvVC7YgKuT62i
Skyward Sword ~ Groose Saves Zelda (Groose Variation),Cutscene,Lunatic,,"Nintendo, The Legend of Zelda",https://youtu.be/yAWc1OiNSTk?si=yPFQWD55VxJU57Ff
Skyward Sword ~ Groose Saves Zelda (Link Variation),Cutscene,Merciless,,"Nintendo, The Legend of Zelda",https://youtu.be/5HgfbCb6xfQ?si=y5OqcEx3zJ9B-b5x
Skyward Sword ~ Groose's Affection,"Character, Adversary",Lunatic,,"Nintendo, The Legend of Zelda",https://youtu.be/cBdpjwLjVTU?si=y7bdRJOOdtMGewzz
Skyward Sword ~ Groose's Nasty Fall,Cutscene,Lunatic,,"Nintendo, The Legend of Zelda",https://youtu.be/0U7NWoeygPY?si=XeOaulGenDWotYRa
Skyward Sword ~ Groose's Theme,"Character, Adversary",Lunatic,,"Nintendo, The Legend of Zelda",https://youtu.be/cBdpjwLjVTU?si=BsH7XDkIegYHNnyX
Skyward Sword ~ Groose's Theme #2,"Character, Adversary",Lunatic,,"Nintendo, The Legend of Zelda",https://youtu.be/6hevx52uWwY?si=X05A4idXBKCuherP
Skyward Sword ~ Groose's Theme #3,"Character, Adversary",Lunatic,,"Nintendo, The Legend of Zelda",https://youtu.be/I5CbAJz1dH4?si=pDcyn74qgAQgomMg
Skyward Sword ~ Harp Performance with Kina,"Event, Character",Tough,,"Nintendo, The Legend of Zelda",https://youtu.be/QuugCrLyoWc?si=iPoFKU0jPlmHp8f2
Skyward Sword ~ Imprisoned Battle (Groosenator),"Battle, Boss",Lunatic,,"Nintendo, The Legend of Zelda",https://youtu.be/TYTqq8XbHl8?si=seyfYjfu3kemKjsB
"Skyward Sword ~ Imprisoned Battle (Hurry, Groosenator)","Battle, Boss",Lunatic,,"Nintendo, The Legend of Zelda",https://youtu.be/doz9Y_dpV1Y?si=RC0o-ROLq2spm8hL
"Skyward Sword ~ Imprisoned Battle (Invincible, Groosenator)","Battle, Boss",Lunatic,,"Nintendo, The Legend of Zelda",https://youtu.be/AT_vNsKEKCM?si=_hEU1NmuKyquFSmf
Skyward Sword ~ Lake Floria,"Locale, Aquatic",Tough,,"Nintendo, The Legend of Zelda",https://youtu.be/lTXXbfx4Drk?si=Kr-HBv-H64aMrEXU
Skyward Sword ~ Lanayru Desert,"Locale, Desert",Normal,,"Nintendo, The Legend of Zelda",https://www.youtube.com/watch?v=jT_9yV0faFU
Skyward Sword ~ Link And His Loftwing,Cutscene,Lunatic,,"Nintendo, The Legend of Zelda",https://youtu.be/kGU-Kc8uq50?si=oiuVonwrr--3tCXg
"Skyward Sword ~ Lizalfos, Magmanos Battle","Battle, Fiery",Tough,,"Nintendo, The Legend of Zelda",https://youtu.be/vnMOGhu281s?si=2DUWI_Z6YL94JChW
Skyward Sword ~ Lumpy Pumpkin,Locale,Normal,,"Nintendo, The Legend of Zelda",https://youtu.be/RWMFNft1VhQ?si=USL3TsnixfzXGEXC
Skyward Sword ~ Meet Groose,"Character, Adversary",Lunatic,,"Nintendo, The Legend of Zelda",https://youtu.be/ZakTMtCwXJQ?si=6sBKqv5DhJ8_euuZ
Skyward Sword ~ Meet Tubert,Character,Merciless,,"Nintendo, The Legend of Zelda",https://youtu.be/nPn-c0v0hSk?si=nta8oDCbjcopZ7BV
Skyward Sword ~ Moldarach,"Battle, Boss, Desert",Tough,,"Nintendo, The Legend of Zelda",https://youtu.be/7Ibh8_ud_Jg?si=xRYvUznSX2sfL07y
Skyward Sword ~ Skyloft,"Locale, Town & City",Easy,,"Nintendo, The Legend of Zelda",https://youtu.be/Y7_yB9UPvrM?si=FOrlu68LkHafZTnx
Skyward Sword ~ Tadtones Song,Cutscene,Lunatic,,"Nintendo, The Legend of Zelda",https://youtu.be/sZsWsvuCV80?si=lXCy87v8JmxQb_F7
Skyward Sword ~ We Call It Grooseland,Jingles,Lunatic,,"Nintendo, The Legend of Zelda",https://youtu.be/2-6NqHkPfGI?si=SLsvbDweVrgRezM9
Skyward Sword ~ Wing Ceremony,Event,Tough,,"Nintendo, The Legend of Zelda",https://youtu.be/XCjrKG0vUxo?si=50I19rPrlkFu2ogC
Sly 2 ~ Canada,"Locale, Snowy",Tough,Visiting Secret and Kriz,Sly Cooper,https://youtu.be/0X8b0tUdC0g
Sly 2 ~ Dimitri's Disco Club,Locale,Normal,,Sly Cooper,https://youtu.be/MlU0g8gsMsY
Sly 2 ~ French Battle,Battle,Tough,,Sly Cooper,https://youtu.be/qcpTMdqthtM
Sly 3: Honor Among Thieves ~ Episode Select,Screen,Normal,,Sly Cooper,https://www.youtube.com/watch?v=vWz7qxZ99Lo
Sly 3: Honor Among Thieves ~ Gauntlet of the Ancestors,Locale,Tough,,Sly Cooper,https://www.youtube.com/watch?v=5o8e1qm1CNw
Sly 3: Honor Among Thieves ~ Streets of Venice,"Locale, Town & City",Tough,,Sly Cooper,https://www.youtube.com/watch?v=xolJNLO9U1I
Solatorobo ~ Tears of Courage,Cutscene,Lunatic,,"Namco, Nintendo",https://www.youtube.com/watch?v=ZSxFphz3XRM
Sonic 3 & Knuckles ~ Ice Cap Zone - Act 1,"Locale, Snowy",Normal,,"SEGA, Sonic",https://www.youtube.com/watch?v=2_5BV4N9uqQ
Sonic 3 & Knuckles ~ Mushroom Hill,Locale,Tough,,"SEGA, Sonic",https://youtu.be/sClynDe-9PA?si=CSRmm_rdrTfGFG_2
Sonic 4 II ~ Boss: Metal Sonic,"Battle, Boss",Tough,,"SEGA, Sonic",https://www.youtube.com/watch?v=MNo0NYIbAxA
Sonic Adventure ~ Suitable Opponent,Cutscene,Tough,,"SEGA, Sonic",https://www.youtube.com/watch?v=NWjozTNgBnU
Sonic Adventure 2 ~ A Ghost's Pumpkin Soup,"Locale, Spooky, Vocals",Easy,,"SEGA, Sonic",https://youtu.be/vxL_r-0VC1k
Sonic Adventure 2 ~ Escape From the City,"Locale, Vocals",Easy,,"SEGA, Sonic",https://youtu.be/5WcyVvWZJU4
"Sonic Adventure 2 ~ Shut Up, Faker!","Cutscene, Battle, Boss",Normal,,"SEGA, Sonic",https://youtu.be/tNufJ8m5KOw
Sonic Adventure 2 ~ This Way Out,Locale,Tough,,"SEGA, Sonic",https://youtu.be/TEaj8kIl8o4
Sonic and the Black Knight ~ Sir Percival The Knight of the Grail,Character,Lunatic,,"SEGA, Sonic",https://www.youtube.com/watch?v=XmetjaxBm7k
Sonic Boom: Rise of Lyric ~ Main Theme,"Screen, Credits",Tough,,"SEGA, Sonic",https://www.youtube.com/watch?v=bPvPuheBxsg
Sonic Chronicles: The Dark Brotherhood ~ Central City,Locale,Tough,,"SEGA, Sonic",https://www.youtube.com/watch?v=6o47N-aYd08
Sonic Chronicles: The Dark Brotherhood ~ Nocturne,Locale,Lunatic,,"SEGA, Sonic",https://www.youtube.com/watch?v=lrpglqYeQBc
Sonic Colors ~ Aquarium Park (Act 1),Aquatic,Easy,,"SEGA, Sonic",https://www.youtube.com/watch?v=IjtE4nPMN5g
Sonic Colors ~ Aquarium Park (Act 2),"Locale, Aquatic",Tough,,"SEGA, Sonic",https://youtu.be/Y3Eua4S7_78
Sonic Colors ~ Area: Terminal Velocity,Locale,Tough,,"SEGA, Sonic",https://youtu.be/Ag3DAf38e4E
Sonic Colors ~ Game Over,"Jingles, Other",Lunatic,,"SEGA, Sonic",https://youtu.be/by2uKUHDJVE
Sonic Colors ~ Planet Wisp (Act 1),"Locale, Nature",Easy,,"SEGA, Sonic",https://youtu.be/uFUSim9dvQw
Sonic Colors ~ Reach for the Stars,"Screen, Other, Vocals",Easy,,"SEGA, Sonic",https://youtu.be/5eUswq5owJk
Sonic Colors ~ Vs. Nega-Wisp Armor (Phase 2),"Battle, Final Boss",Normal,,"SEGA, Sonic",https://youtu.be/Vup0FSZH4W8
Sonic Dream Team ~ Nightmare Eggman,"Battle, Final Boss",Lunatic,,"SEGA, Sonic",https://www.youtube.com/watch?v=dI6-7D_Rxr0
Sonic Eraser ~ Versus Mode,Battle,Lunatic,Falling blocks puzzle game. Sega Mega Drive title. Sonic's first puzzle game.,Sonic,https://youtu.be/hz7CHYX1ywI?si=yjRXwfgidcXIp-Mc
Sonic Forces ~ Aqua Road - Moonlight Battlefield,"Vocals, Aquatic",Tough,,"SEGA, Sonic",https://www.youtube.com/watch?v=zeyF_f23FvI
Sonic Forces ~ Infinite,"Vocals, Character",Easy,,"SEGA, Sonic",https://www.youtube.com/watch?v=Ki_Nn95hj48
Sonic Frontiers ~ Guardian: FORTRESS,Battle,Tough,,"SEGA, Sonic",https://www.youtube.com/watch?v=6hgZludwpm4
Sonic Frontiers ~ Guardian: SHARK,Battle,Tough,,"SEGA, Sonic",https://www.youtube.com/watch?v=yBSB3V1i6Qw
Sonic Frontiers ~ I'm with you,"Battle, Final Boss",Normal,,"SEGA, Sonic",https://www.youtube.com/watch?v=aUCxD1xX6fU
Sonic Generations 3DS ~ Boss: Big Arm,"Battle, Boss",Normal,,"SEGA, Sonic",https://www.youtube.com/watch?v=MVQjrIcwyEg
Sonic Heroes ~ Egg Albatross,Boss,Tough,,"SEGA, Sonic",https://youtu.be/C5TC557Nu2o
Sonic Heroes ~ Stage Clear,Jingles,Easy,,"SEGA, Sonic",https://www.youtube.com/watch?v=1_mzqXsXgAo
Sonic Lost World ~ Snowball Waltz,"Snowy, Locale",Tough,,"SEGA, Sonic",https://www.youtube.com/watch?v=k-b_1yfJU0g
"Sonic Mania ~ Hydrocity Zone, Act 2","Locale, Aquatic",Tough,,"SEGA, Sonic",https://youtu.be/dj8GEabeYps?si=IAyCUywpNGucqjeS
Sonic R ~ Can You Feel the Sunshine,Locale,Easy,,"SEGA, Sonic",https://youtu.be/dgJWZiBt6_w
Sonic Riders ~ Catch Me If You Can,Vocals,Lunatic,,"SEGA, Sonic",https://www.youtube.com/watch?v=bXAlS0ZzInU
Sonic Rush Adventure ~ Haunted Ship: Act 1,Spooky,Tough,,"SEGA, Sonic",https://www.youtube.com/watch?v=PiMku9TL7G4
Sonic Superstars ~ Lagoon City Zone Act 2,Aquatic,Normal,,"SEGA, Sonic",https://www.youtube.com/watch?v=u8Cxy8fw5_U
Sonic Superstars ~ Sand Sanctuary Zone (Act 1),"Locale, Desert",Tough,,"SEGA, Sonic",https://www.youtube.com/watch?v=zbbE-z6LgYk
Sonic Superstars ~ True Final Boss,"Battle, Final Boss",Merciless,,"SEGA, Sonic",https://www.youtube.com/watch?v=oJP6N9_aQhc
Sonic the Hedgehog (2006) ~ His World: Theme of Sonic the Hedgehog,"Character, Credits",Easy,,"SEGA, Sonic",https://youtu.be/BWWfjK0v8eM
Sonic the Hedgehog ~ Green Hill Zone,"Locale, Nature",Easy,,"SEGA, Sonic",https://www.youtube.com/watch?v=G-i8HYi1QH0
Sonic the Hedgehog ~ Marble Zone,"Locale, Fiery",Normal,,"SEGA, Sonic",https://www.youtube.com/watch?v=z1aXXX_oqP8
Sonic the Hedgehog 2 ~ Boss,"Battle, Boss",Easy,,"SEGA, Sonic",https://www.youtube.com/watch?v=ujspBYQXSdY
Sonic the Hedgehog 4 ~ White Park Zone (Act 1),"Snowy, Locale",Tough,,"SEGA, Sonic",https://www.youtube.com/watch?v=hC9ae88r3Ns
Sonic the Hedgehog CD ~ Palmtree Panic P mix,"Locale, Nature",Tough,,"SEGA, Sonic",https://youtu.be/b0L79dHcdH0?si=RBfr0mSIucEU1ETN
Sonic the Hedgehog CD ~ Tidal Tempest,Aquatic,Normal,,"SEGA, Sonic",https://www.youtube.com/watch?v=AOKUK3RcJI8
Sonic the Hedgehog Spinball ~ Toxic Caves,Locale,Lunatic,,"SEGA, Sonic",https://youtu.be/sClynDe-9PA?si=gh_KEqXhpQyPpIAS
Sonic X Shadow Generations ~ Shadow Results (S RANK),Jingles,Normal,,"SEGA, Sonic",https://www.youtube.com/watch?v=j1-Iq9HBRLg
Sonic X Shadow Generations ~ Space Colony Ark Act 1,"Locale, Space",Normal,,"SEGA, Sonic",https://www.youtube.com/watch?v=QwfhSNSC4Ac
Sonic X Shadow Generations ~ Tokyo (Westopolis - TeddyLoid x Jun Senoue Remix),Locale,Tough,,"SEGA, Sonic",https://www.youtube.com/watch?v=ufNTzpECCo4
Spider-Man 2 ~ Pizza Theme,Event,Normal,Even superheroes need jobs,Activision,https://www.youtube.com/watch?v=czTksCF6X8Y
Spirit Tracks ~ Aboda Village,"Locale, Town & City",Normal,,"Nintendo, The Legend of Zelda",https://youtu.be/kOpBTO7BuNY?si=1OImb9RNXnMTxqHa
Spirit Tracks ~ Anouki Village,"Locale, Town & City, Snowy",Tough,,"Nintendo, The Legend of Zelda",https://youtu.be/qLyEfC9CeTQ?si=D07WySj-JEmS3f8T
Spirit Tracks ~ Battle Mode (Linebeck Remix),"Screen, Other",Merciless,,"Nintendo, The Legend of Zelda",https://youtu.be/AKB9Uf2xes0?si=pbCaFhbMhCMFyaM5
Spirit Tracks ~ Before the Final Battle,Cutscene,Lunatic,,"Nintendo, The Legend of Zelda",https://youtu.be/e-jQAu424rk?si=XMc4DfI8H5qjWPUT
Spirit Tracks ~ Byrne,"Character, Adversary",Tough,,"Nintendo, The Legend of Zelda",https://youtu.be/LI7YMQxRcfY?si=weCw_HrEUrWTIJw5
Spirit Tracks ~ Castle Town,"Locale, Town & City",Normal,,"Nintendo, The Legend of Zelda",https://youtu.be/VeuAimans00?si=D3Ekomb_Zmy1mCsh
Spirit Tracks ~ Chancellor Cole,"Character, Adversary",Normal,,"Nintendo, The Legend of Zelda",https://youtu.be/bLEEUuhRtPc?si=1AeR2y4UX_OQJC13
Spirit Tracks ~ Chancellor Cole's Smirk,Jingles,Normal,,"Nintendo, The Legend of Zelda",https://youtu.be/PRF7sg7T58I?si=DOpPqsy6wnQHbwR7
"Spirit Tracks ~ Cragma, Lava Lord","Battle, Boss, Fiery",Tough,,"Nintendo, The Legend of Zelda",https://youtu.be/dvLJzGm02D0?si=5VvQSCamd-YSIGRE
Spirit Tracks ~ Cursed Overworld,Locale,Normal,,"Nintendo, The Legend of Zelda",https://youtu.be/dO-Uh6oPx1k?si=SkrGZBtuh0xayHiU
Spirit Tracks ~ Dark Trains Approaching,"Event, Adversary",Tough,,"Nintendo, The Legend of Zelda",https://youtu.be/4HVvSYYEfo4?si=vEkuIIkSnvVH4Y7R
Spirit Tracks ~ Facing the Demon Train,"Battle, Boss",Tough,,"Nintendo, The Legend of Zelda",https://youtu.be/0V6TgYRzQms?si=sWay3gWTPuRfaCNP
Spirit Tracks ~ Fight Against Byrne,"Battle, Boss",Tough,,"Nintendo, The Legend of Zelda",https://youtu.be/bhH0ERkZlfk?si=j32UpH89Bo6puIWc
Spirit Tracks ~ Fighting Dark Link,"Battle, Boss",Merciless,,"Nintendo, The Legend of Zelda",https://youtu.be/Tm7f91yCIds?si=Ooz4QGSWmlS7ODom
Spirit Tracks ~ Final Battle: Malladus,"Battle, Final Boss",Easy,,"Nintendo, The Legend of Zelda",https://youtu.be/s-YTiGWc56c?si=IVyW4OMLKKNmuOUs
Spirit Tracks ~ Fire and Sand Temple,"Locale, Dungeon, Fiery, Desert",Lunatic,,"Nintendo, The Legend of Zelda",https://youtu.be/gjOnRSk-yz8?si=gLE5_Fv9IgBtU_1J
"Spirit Tracks ~ Fraaz, Master of Icy Fire","Battle, Boss",Normal,,"Nintendo, The Legend of Zelda",https://youtu.be/IwTLHhU_MQI?si=6nIexEC6zqnEXfVx
Spirit Tracks ~ Goron Village,"Locale, Town & City, Fiery",Normal,,"Nintendo, The Legend of Zelda",https://youtu.be/wbcMTRp1o2g?si=7ooGhvoYU-6f6nu2
"Spirit Tracks ~ Phytops, Barbed Menace","Battle, Boss",Tough,,"Nintendo, The Legend of Zelda",https://youtu.be/ZYyplBWoDgo?si=9LGO_B1Ak6us4rNH
Spirit Tracks ~ Princess Zelda,Character,Easy,,"Nintendo, The Legend of Zelda",https://youtu.be/aePE5JVqU9w?si=EP45GXy7oUcMAS4L
Spirit Tracks ~ Realm Overworld,Locale,Normal,,"Nintendo, The Legend of Zelda",https://www.youtube.com/watch?v=5W_bFLwB0WY
Spirit Tracks ~ Sanctuary,Locale,Normal,,"Nintendo, The Legend of Zelda",https://youtu.be/f1LQz2PVeUQ?si=bs8BZ6RMqv3t5jp5
"Spirit Tracks ~ Skeldritch, Ancient Demon","Battle, Boss, Desert",Tough,,"Nintendo, The Legend of Zelda",https://youtu.be/EVah6yh4x1w?si=et6onlj1SmhG5y5w
"Spirit Tracks ~ Stagnox, Armored Colossus","Battle, Boss",Normal,,"Nintendo, The Legend of Zelda",https://youtu.be/Y9pupmo4_UM?si=SrEs94TT7BCEHnGG
Spirit Tracks ~ Stealthy Zelda,Event,Lunatic,,"Nintendo, The Legend of Zelda",https://youtu.be/UDpDq6M3vGI?si=SostM2NXSsgXpUoX
Spirit Tracks ~ The Final Exam,Event,Lunatic,,"Nintendo, The Legend of Zelda",https://youtu.be/iY9ta4i_h-4?si=tC5C-X-Ij2Zmzrq3
Spirit Tracks ~ The Lost Woods,"Locale, Nature, Forest",Lunatic,,"Nintendo, The Legend of Zelda",https://youtu.be/kwjR4B1A9f0?si=igK6YkTZjt74iT8s
Spirit Tracks ~ Tower of Spirits (Lobby),Locale,Normal,,"Nintendo, The Legend of Zelda",https://youtu.be/MvIywyj6wME?si=oPE7icKjix6IKhOU
Spirit Tracks ~ Underwater,"Locale, Aquatic",Merciless,,"Nintendo, The Legend of Zelda",https://youtu.be/WDEJeMxA5vE?si=zIPYUtScILQqf17O
Spirit Tracks ~ Zelda in a Panic,Cutscene,Lunatic,,"Nintendo, The Legend of Zelda",https://youtu.be/uzh4AMa2JB8?si=tceLBQ60iNmggALE
Spiritfarer ~ Stella's Departure,"Character, Event",Tough,One last goodbye,Indie,https://youtu.be/hicJlqZZaYU
Splatoon 2 ~ Color Pulse,"Character, Vocals, Event",Tough,,"Nintendo, Splatoon",https://youtu.be/0CYyFle-At4?si=DXQZ32zUoxgXC0pd
Spongebob: CFTKK ~ Super-Sized Patty 2 (Part 2),Locale,Lunatic,,Other,https://www.youtube.com/watch?v=CYbP_Gw7wbc
Star Wars: The Force Unleashed ~ Main Theme,"Screen, Other, Character",Merciless,,"Lucasfilm Games, Star Wars",https://youtu.be/TAumBkRESuY?si=SOsl8T1pEGM7eekA
Stardew Valley ~ Fun Festival,Event,Normal,,"Indie, Stardew Valley",https://youtu.be/si4lCKIZxxw
Stardew Valley ~ Winter (Nocturne of Ice),Snowy,Tough,,"Indie, Stardew Valley",https://www.youtube.com/watch?v=AiX1dBfmftA
Starfox 64 ~ Meteo,"Locale, Space",Normal,,"Nintendo, Star Fox",https://www.youtube.com/watch?v=wU983BkEDks
Starfox 64 ~ Star Wolf,"Character, Boss, Battle",Easy,,"Nintendo, Star Fox",https://www.youtube.com/watch?v=WUda-ajk3jM
Startropics ~ Dungeons Theme,"Dungeon, Locale",Normal,,Nintendo,https://youtu.be/tz5L7hsG79I
Super Mario 3D World ~ Double Cherry Pass,Locale,Normal,,"Nintendo, Mario",https://youtu.be/0x8iWeR3oxs
Super Mario 3D World ~ Mount Must Dash,Locale,Tough,,"Nintendo, Mario",https://youtu.be/o-ArfDANt_4
Super Mario 64 ~ Bowser's Road,"Locale, Fiery",Easy,,"Nintendo, Mario",https://youtu.be/3WnQBZ6idbU
"Super Mario 64 ~ Cool, Cool Mountain","Locale, Snowy",Easy,,"Nintendo, Mario",https://youtu.be/LOADdASJnak
Super Mario 64 ~ Course Clear,Jingles,Easy,,"Nintendo, Mario",https://youtu.be/CBW_9v-8Z9M
"Super Mario 64 ~ Dire, Dire Docks","Locale, Nature, Aquatic",Easy,,"Nintendo, Mario",https://youtu.be/Zqa2mgjbOIM
Super Mario 64 ~ File Select,"Screen, Other",Easy,,"Nintendo, Mario",https://youtu.be/hrJNgLGbYg0
Super Mario 64 ~ Haunted House,"Locale, Spooky",Easy,,"Nintendo, Mario",https://youtu.be/Cur1UayJquw
"Super Mario 64 ~ It's-a-Me, Mario!",Jingles,Easy,,"Nintendo, Mario",https://youtu.be/xr0jXZw_jig
Super Mario 64 ~ Lethal Lava Land,"Locale, Fiery, Desert",Easy,,"Nintendo, Mario",https://youtu.be/vthq62tj5XI
Super Mario 64 ~ Metallic Mario,Character,Easy,,"Nintendo, Mario",https://youtu.be/YTn2sViERsg
Super Mario 64 ~ Slider,Locale,Easy,Wheeeeee!,"Nintendo, Mario",https://www.youtube.com/watch?v=lc9B5GkWw94
Super Mario 64 ~ Staff Roll,Credits,Easy,,"Nintendo, Mario",https://youtu.be/o-xRxXYpavU
Super Mario 64 ~ Ultimate Bowser,"Battle, Final Boss",Easy,,"Nintendo, Mario",https://youtu.be/Tu8N86Wq9yw
Super Mario Bros. ~ Overworld Theme,Locale,Easy,,"Nintendo, Mario",https://youtu.be/iy3qq7zc4EY?si=PTLbfe6ubvk9mR7I
Super Mario Bros. 3 ~ Music Box,Event,Lunatic,,"Nintendo, Mario",https://www.youtube.com/watch?v=leWaOpKoVmU
Super Mario Bros. 3 ~ World Map 4,Locale,Tough,,"Nintendo, Mario",https://www.youtube.com/watch?v=wUj5usS_Rhg
Super Mario Bros. Wonder ~ Twilight Forest,"Locale, Nature, Forest",Tough,,"Nintendo, Mario",https://youtu.be/jdwBhs1yI30?si=JAkvP2tgRSVzd5pf
Super Mario Galaxy ~ Battlerock Galaxy,Locale,Normal,,"Nintendo, Mario",https://www.youtube.com/watch?v=B9qLXyX9dIs
Super Mario Galaxy ~ Dusty Dune Galaxy,"Locale, Desert",Normal,,"Nintendo, Mario",https://www.youtube.com/watch?v=YFzWJYCNpLk
Super Mario Galaxy ~ File Select,"Screen, Other",Normal,,"Nintendo, Mario",https://www.youtube.com/watch?v=UvWRz58K8ek
Super Mario Galaxy ~ Final Bowser Battle (Choir),Battle,Tough,,"Nintendo, Mario",https://www.youtube.com/watch?v=2WqIMUtiDiI
Super Mario Galaxy ~ Freezeflame Galaxy (Fire),"Locale, Fiery",Easy,,"Nintendo, Mario",https://www.youtube.com/watch?v=q_SmaEZ0XGk
Super Mario Galaxy ~ Freezeflame Galaxy (Ice),"Locale, Snowy",Easy,,"Nintendo, Mario",https://www.youtube.com/watch?v=A0HhONjlvhw
Super Mario Galaxy ~ Good Egg Galaxy,Locale,Easy,,"Nintendo, Mario",https://www.youtube.com/watch?v=984xoStqrq0
Super Mario Galaxy ~ Gusty Garden Galaxy,"Locale, Nature",Easy,,"Nintendo, Mario",https://www.youtube.com/watch?v=y6rZkej57cU
Super Mario Galaxy ~ Kamella,"Battle, Boss",Lunatic,,"Nintendo, Mario",https://www.youtube.com/watch?v=N3E0Oh8TCEI
Super Mario Galaxy ~ King Kaliente,"Battle, Boss",Normal,,"Nintendo, Mario",https://www.youtube.com/watch?v=kZ4qZDw6Nuc
Super Mario Galaxy ~ Library,Locale,Lunatic,,"Nintendo, Mario",https://www.youtube.com/watch?v=Nn5QBpooyz4
Super Mario Galaxy ~ Melty Molten Galaxy,"Locale, Fiery",Normal,,"Nintendo, Mario",https://www.youtube.com/watch?v=etvMjkvTF6E
Super Mario Galaxy ~ Space Junk Galaxy,"Locale, Space",Normal,,"Nintendo, Mario",https://www.youtube.com/watch?v=3Y2T9j9jMPY
Super Mario Galaxy ~ Staff Credits,Credits,Easy,,"Nintendo, Mario",https://www.youtube.com/watch?v=Olpx36tIskQ
Super Mario Galaxy ~ Star Festival,Locale,Easy,,"Nintendo, Mario",https://www.youtube.com/watch?v=yCwV8GTn1BM
Super Mario Galaxy ~ Toy Time Galaxy,Locale,Normal,,"Nintendo, Mario",https://www.youtube.com/watch?v=IXcR3laubjw
Super Mario Galaxy 2 ~ Boss Blitz Galaxy,Locale,Lunatic,,"Nintendo, Mario",https://www.youtube.com/watch?v=UsR_I0m5ZQQ
Super Mario Galaxy 2 ~ Bowser's Galaxy Generator,Locale,Tough,,"Nintendo, Mario",https://youtu.be/9zBawgVbOaA?si=_YxRDM8zapU9pntb
Super Mario Galaxy 2 ~ Final Bowser Battle,"Battle, Final Boss",Easy,,"Nintendo, Mario",https://www.youtube.com/watch?v=FckLwjiPMKg
Super Mario Galaxy 2 ~ Melty Monster Galaxy,"Locale, Fiery",Tough,,"Nintendo, Mario",https://www.youtube.com/watch?v=rzW1LRnAfMw
Super Mario Galaxy 2 ~ Squizzard,"Battle, Boss, Desert",Lunatic,,"Nintendo, Mario",https://www.youtube.com/watch?v=wlz9fqpBzG4
Super Mario Kart ~ Rainbow Road,"Locale, Space",Tough,,"Nintendo, Mario",https://www.youtube.com/watch?v=08wvspgMwLA
Super Mario Land ~ Birabuto Kingdom (Main Theme),Locale,Easy,,"Nintendo, Mario",https://www.youtube.com/watch?v=7hG-96NiMXU
Super Mario Land ~ Chai Kingdom,Locale,Tough,,"Nintendo, Mario",https://youtu.be/B8fdhRmx108?si=NcTw4J5knCTBWn1_
Super Mario Land ~ Easton Kingdom (Underground),Locale,Normal,,"Nintendo, Mario",https://youtu.be/n6qLIdmYfN4?si=LlgNOo_9pNS48tQt
Super Mario Land ~ Invincibility (Can Can),Jingles,Easy,,"Nintendo, Mario",https://www.youtube.com/watch?v=23X-_FthlWg
Super Mario Land 2: 6 Golden Coins ~ Star Maze,"Locale, Space",Tough,,"Nintendo, Mario",https://youtu.be/OoBx0Io0hpY?si=VcELFDsIO5CocAM0
Super Mario Odyssey ~ Above the Clouds,Locale,Tough,,"Nintendo, Mario",https://www.youtube.com/watch?v=NZcF5fAQkio
Super Mario Odyssey ~ Bonneton,Locale,Normal,,"Nintendo, Mario",https://www.youtube.com/watch?v=j9DUq1uvn6A
Super Mario Odyssey ~ Bowser's Castle,Locale,Tough,,"Nintendo, Mario",https://youtu.be/0UkHPHqbbtk?si=xoQEeiU-x09PSnTx
"Super Mario Odyssey ~ Break Free, Lead the Way!",Vocals,Normal,,"Nintendo, Mario",https://www.youtube.com/watch?v=C_nfmi_ZGCQ
Super Mario Odyssey ~ Bubblaine,"Locale, Aquatic",Tough,,"Nintendo, Mario",https://youtu.be/oG8txbgWP20?si=4dpFKrDU0rD6UvBc
Super Mario Odyssey ~ Crazy Cap Shop,Locale,Easy,,"Nintendo, Mario",https://youtu.be/qBmt_ARy5MM?si=jSE-8WdX3SNOYYEH
Super Mario Odyssey ~ Final Bowser Battle,"Battle, Final Boss",Tough,,"Nintendo, Mario",https://youtu.be/ZIxMNL3A-84?si=Kpl3I1mIIJPtbFH0
Super Mario Odyssey ~ Forgotten Isle,Locale,Normal,,"Nintendo, Mario",https://youtu.be/7Soinq1ib14?si=k6SG-vZyTJw7csHq
Super Mario Odyssey ~ Fossil Falls,"Locale, Nature",Easy,,"Nintendo, Mario",https://youtu.be/vkrbKejaSSE?si=YwNagM2Zhez1_-jY
Super Mario Odyssey ~ Honeylune Ridge,"Locale, Space",Tough,,"Nintendo, Mario",https://youtu.be/0UkHPHqbbtk?si=FDyg2W2Pd66Bg-Uo
Super Mario Odyssey ~ Honeylune Ridge Caves,"Locale, Fiery",Tough,,"Nintendo, Mario",https://www.youtube.com/watch?v=7APi8BCL0V4
Super Mario Odyssey ~ Jaxi (Tostarena),"Event, Desert",Normal,,"Nintendo, Mario",https://youtu.be/r7c-_vlkysU?si=3XKH0wlB_-7Rejxv
"Super Mario Odyssey ~ Jump Up, Super Star!","Vocals, Event",Easy,,"Nintendo, Mario",https://www.youtube.com/watch?v=e9r5hx47kxM
Super Mario Odyssey ~ Klepto (Forgotten Isle),Event,Lunatic,,"Nintendo, Mario",https://youtu.be/qoFNGhXqTqA?si=-8xliv-5GW9HR1Pk
Super Mario Odyssey ~ Lake Lamode 1,"Locale, Aquatic",Normal,,"Nintendo, Mario",https://youtu.be/sEzjreOPzzs?si=vALwKZoJ22UgA-Tp
Super Mario Odyssey ~ Mechawiggler Battle,"Battle, Boss",Tough,,"Nintendo, Mario",https://youtu.be/rfRdTLPzWq8?si=uhgWgQzF47tFIqpU
Super Mario Odyssey ~ Mount Volbono,"Locale, Fiery",Tough,,"Nintendo, Mario",https://youtu.be/_NVgm0rTGn0?si=Ls5pvMqn169bhjyI
Super Mario Odyssey ~ New Donk City,"Locale, Town & City",Easy,,"Nintendo, Mario",https://youtu.be/Pd0CCCmI7sw?si=jWXjbXqT3JoQ-AyJ
Super Mario Odyssey ~ Night Theme 1 (New Donk City),"Locale, Town & City",Tough,,"Nintendo, Mario",https://youtu.be/rRhno_Gf1c4?si=_GkKKKItQeGlEBlS
Super Mario Odyssey ~ Peach's Castle,Locale,Easy,,"Nintendo, Mario",https://youtu.be/5JspKiEQw5k?si=P57IV6tzojWJewbE
Super Mario Odyssey ~ Peronza Plaza (Mount Volbono),"Locale, Town & City",Tough,,"Nintendo, Mario",https://youtu.be/t4Jbm6zUOtE?si=Zm44yX5fUacjN0YL
Super Mario Odyssey ~ Ruined Dragon Battle,"Battle, Boss",Tough,,"Nintendo, Mario",https://youtu.be/njrCDCpeC-s?si=R7XYUeFmVdtuO7OS
Super Mario Odyssey ~ Shiveria Town,"Locale, Town & City, Snowy",Easy,,"Nintendo, Mario",https://www.youtube.com/watch?v=34R5u1eHdcU
Super Mario Odyssey ~ Staff Credits,Credits,Easy,,"Nintendo, Mario",https://youtu.be/XwVONJ0cytE?si=qQpQdg8dMZhAoW-X
Super Mario Odyssey ~ Steam Gardens,"Locale, Nature",Easy,,"Nintendo, Mario",https://www.youtube.com/watch?v=-rfoYSmx0rk
Super Mario Odyssey ~ Tostarena Town,"Town & City, Desert, Locale",Easy,,"Nintendo, Mario",https://youtu.be/KLgcF7IOjz4?si=f1DJ5btwW9JiUQVP
Super Mario RPG ~ And My Name's Booster,Locale,Tough,,"Nintendo, Mario",https://youtu.be/k8lcuXNeyrw?si=OojNiKyFxFFb9dEA
Super Mario RPG ~ Dodo's Coming,"Event, Character",Tough,,"Nintendo, Mario",https://youtu.be/NBSoyO3ansQ?si=--XuOthToCh7Wxrr
Super Mario RPG ~ Fight Against a Somewhat Stronger Monster,"Battle, Boss",Easy,Sounds like an EarthBound song name,"Nintendo, Mario",https://youtu.be/913OrSdDFf0?si=ZWr4dXhSUruwqLwX
Super Mario RPG ~ Fight Against an Armed Boss,"Battle, Boss",Easy,,"Nintendo, Mario",https://youtu.be/XxaTT86YCng?si=BDeJw7YmBrO8n8mQ
Super Mario RPG ~ Fight Against Culex,"Battle, Boss",Normal,,"Nintendo, Mario",https://youtu.be/73UWuwIAMUE?si=nhSU9vy8MyqxzWYN
Super Mario RPG ~ Fight Against Monsters,Battle,Easy,,"Nintendo, Mario",https://youtu.be/RUeJBwZ3gu4?si=HhiyR9Cobk45eRta
Super Mario RPG ~ Fight Against Smithy,"Battle, Final Boss",Tough,,"Nintendo, Mario",https://youtu.be/JDzTeyXPFOQ?si=E4JNtId7c8fsfcSn
Super Mario RPG ~ Forest Maze,"Locale, Nature, Forest",Easy,,"Nintendo, Mario",https://youtu.be/3TeQ7jFDwF0?si=RhwgIAmosQQaPx5h
Super Mario RPG ~ Going Shopping in Seaside Town,Event,Tough,,"Nintendo, Mario",https://youtu.be/VgFNQqR4aeU
Super Mario RPG ~ Hard Working Moles Are Good Moles,"Locale, Town & City, Nature",Tough,,"Nintendo, Mario",https://youtu.be/gUq5p3oE6GE?si=aayJNyzL9P0CDo-w
"Super Mario RPG ~ Hello, Happy Kingdom","Locale, Town & City",Easy,,"Nintendo, Mario",https://youtu.be/AUnb_eSBVYk?si=morPi6simgTXrwZx
Super Mario RPG ~ Invincible Star,"Jingles, Event",Normal,,"Nintendo, Mario",https://youtu.be/BmaApcEZupQ?si=WwchtuqsTtC33uoL
Super Mario RPG ~ Let's Go Down the Wine River,Event,Normal,,"Nintendo, Mario",https://youtu.be/a5LzyfSkHFg?si=Xy3OHs2Xp1DIcGsb
Super Mario RPG ~ Mario House,Locale,Easy,,"Nintendo, Mario",https://youtu.be/SlYqBsheXoU?si=OXOBhZP40iN2-nfT
Super Mario RPG ~ Nimbus Land (Let's Do The Fooka Fooka!),Locale,Tough,,"Nintendo, Mario",https://youtu.be/NBSoyO3ansQ?si=NHTrZYwaUdv-8OrP
Super Mario RPG ~ Rose Town,"Locale, Town & City",Tough,,"Nintendo, Mario",https://youtu.be/0M0bXhCTQj4?si=cp7-Ll-SVuMe-Ifb
Super Mario RPG ~ The Merry Mary Bells Ring,"Locale, Town & City",Tough,,"Nintendo, Mario",https://youtu.be/3Vqpe-q4Sws?si=uzRgktFUwUCH63Rp
Super Mario RPG ~ Welcome to Booster Tower,Locale,Tough,,"Nintendo, Mario",https://youtu.be/MK0KyLAOsGw?si=DrutxyCWaxlZBtuX
Super Mario Run ~ My Kingdom,Locale,Lunatic,,"Nintendo, Mario",https://youtu.be/gfX0yUpN94g
Super Mario Run ~ Overworld,Locale,Tough,,"Nintendo, Mario",https://youtu.be/nFI1_BHjG2A
Super Mario Run ~ Remix 10,Locale,Merciless,,"Nintendo, Mario",https://www.youtube.com/watch?v=Vxyt22gLO_4
Super Mario Sunshine ~ Bianco Hills,Locale,Easy,,"Nintendo, Mario",https://youtu.be/mYh6MSdsKj8
Super Mario Sunshine ~ Casino Delfino,Locale,Tough,Let's go gambling!,"Nintendo, Mario",https://youtu.be/6u2nrmzXn74
Super Mario Sunshine ~ Delfino Airstrip,Locale,Tough,"You're not getting that vacation, are you","Nintendo, Mario",https://youtu.be/8shVYxoHNEM
Super Mario Sunshine ~ Delfino Plaza,Locale,Easy,Ami really wanted the version that doesn't start,"Nintendo, Mario",https://youtu.be/uVCAnYTkyIo
Super Mario Sunshine ~ Delfino Plaza (Yoshi),Locale,Tough,Mmm. Fruit.,"Nintendo, Mario",https://youtu.be/H6Rk2OHDeuM
Super Mario Sunshine ~ File Select,"Screen, Other",Normal,,"Nintendo, Mario",https://youtu.be/71DrD6WcEvw
Super Mario Sunshine ~ Game Over,"Jingles, Other",Easy,"Pachinko not going well, huh?","Nintendo, Mario",https://youtu.be/ghI1TaT-G4Q
Super Mario Sunshine ~ Gelato Beach,Locale,Normal,I want some ice cream...,"Nintendo, Mario",https://youtu.be/NiQn5OLNUrM
Super Mario Sunshine ~ Icky Goop,Cutscene,Normal,Toad voice acting,"Nintendo, Mario",https://youtu.be/dnQa-vIqWKE?si=Hj9iOshIfYwvbUth
Super Mario Sunshine ~ Isle Delfino,"Town & City, Locale",Easy,Time for a vacation!,"Nintendo, Mario",https://youtu.be/KYdRWC6MCgM?si=kCIUXdNbGQb9JdsA
Super Mario Sunshine ~ Phantamanta,"Boss, Battle",Normal,,"Nintendo, Mario",https://youtu.be/KdlK18xC94M
Super Mario Sunshine ~ Secret Course,Locale,Easy,I miss FLUDD already,"Nintendo, Mario",https://youtu.be/eQMri29IJEI
Super Mario Sunshine ~ Shadow Mario,Character,Normal,"I found you, faker!","Nintendo, Mario",https://youtu.be/yomM_RIBM8s
Super Mario Sunshine ~ Staff Credits,Credits,Easy,,"Nintendo, Mario",https://youtu.be/V2-LgaXCnco?si=4ZXaKck5jslFdbHQ
Super Mario Sunshine ~ Too Bad!,"Jingles, Other",Easy,Clown horn of shame for dying,"Nintendo, Mario",https://youtu.be/KW0Qu-X7mbI
Super Mario Sunshine ~ Vs Polluted Piranha Plant,Battle,Tough,Let's clean this up,"Nintendo, Mario",https://youtu.be/U86XAVDmKZo
Super Metroid ~ Brinstar (The Jungle Floor),"Locale, Nature",Easy,,"Nintendo, Metroid",https://www.youtube.com/watch?v=tVUYyVfydqY
Super Metroid ~ Norfair (Ridley's Lair),"Locale, Fiery",Normal,,"Nintendo, Metroid",https://www.youtube.com/watch?v=j9j0oinD6xE
Super Metroid ~ Ridley / Draygon,"Battle, Boss",Easy,,"Nintendo, Metroid",https://www.youtube.com/watch?v=gXIdLLc8s-E
Super Metroid ~ Spore Spawn / Botwoon,"Battle, Boss",Tough,,"Nintendo, Metroid",https://www.youtube.com/watch?v=TUGBW3Qc4K4
Super Monkey Ball Banana Blitz ~ Monkey Island,Locale,Tough,,"SEGA, Super Monkey Ball",https://www.youtube.com/watch?v=ScQRcFGrmhg
Super Monkey Ball Step & Roll ~ Sakura (World 4),"Vocals, Credits",Merciless,,"SEGA, Super Monkey Ball",https://www.youtube.com/watch?v=MbFwwOnXlx0
Super Paper Mario ~ Bowser Battle,"Battle, Boss",Tough,,"Nintendo, Mario",https://youtu.be/Ur0osgC8C-w?si=TZ2ELh-w0zMblkLE
Super Paper Mario ~ Butterfly * Collecting,Character,Normal,So high-technicaaaaaal!,"Nintendo, Mario",https://www.youtube.com/watch?v=VmkK74YJNJw
"Super Paper Mario ~ Dimentio, Charming Magician",Character,Normal,,"Nintendo, Mario",https://youtu.be/3RF8W77u4Ic?si=-q8vs4TVR0-DufU0
Super Paper Mario ~ Flipside,"Locale, Town & City",Easy,,"Nintendo, Mario",https://youtu.be/kkEVN_eXarY?si=iheNgFNAAbRxNgDC
Super Paper Mario ~ Floro Sapien Caverns,Locale,Tough,,"Nintendo, Mario",https://youtu.be/y4dZxenxO4c
Super Paper Mario ~ Got a Pure Heart,"Jingles, Object",Normal,,"Nintendo, Mario",https://youtu.be/nRfBGZlA8LA?si=mDQ-R2N6wawO0OMD
Super Paper Mario ~ Hammer Whacker,Event,Lunatic,,"Nintendo, Mario",https://youtu.be/FnwVP3UaRIg?si=ijts4cfPn6GFu9gC
Super Paper Mario ~ Lineland Road,Locale,Normal,,"Nintendo, Mario",https://youtu.be/vdPnldq0HnQ?si=w2B1O-hgziD2z4YY
Super Paper Mario ~ Mega Starman / Invincibility,"Jingles, Event",Tough,,"Nintendo, Mario",https://www.youtube.com/watch?v=Y-vPJeV4Lvg
Super Paper Mario ~ Memory 1,Cutscene,Normal,,"Nintendo, Mario",https://youtu.be/Ex4297_G5L8?si=sm-fcz8oEM5ntUqu
Super Paper Mario ~ Merlee's Mansion,Locale,Normal,,"Nintendo, Mario",https://youtu.be/mxiSyMMQ0-8?si=VifLLotQNl9gmc5B
Super Paper Mario ~ Mimi Battle,"Battle, Boss",Tough,,"Nintendo, Mario",https://youtu.be/qpofyjQP01k?si=H8HJjgCCx8MJm6aa
Super Paper Mario ~ Mount Lineland,Locale,Normal,,"Nintendo, Mario",https://youtu.be/B-Lgqay6ezE?si=D5LucAWd7MXzBoUA
"Super Paper Mario ~ Mr. L, Green Thunder",Character,Tough,Who is that masked man?,"Nintendo, Mario",https://youtu.be/IVyw_PNXAI4
Super Paper Mario ~ Outer Space,Locale,Tough,,"Nintendo, Mario",https://youtu.be/Y5vOOhUmfpw?si=EZSmy6tiFdg8kCvK
Super Paper Mario ~ Overthere Shrine,Locale,Tough,Over where?,"Nintendo, Mario",https://youtu.be/h0erImwdrIU
Super Paper Mario ~ Pit of 100 Trials,Locale,Lunatic,,"Nintendo, Mario",https://youtu.be/xnqg0n0zDRg?si=Ezl2ELP2GCEbd_pv
Super Paper Mario ~ Promise,Cutscene,Tough,,"Nintendo, Mario",https://youtu.be/RgJYOBDED6A?si=GlRX1f39QggcQzuj
Super Paper Mario ~ River Twygz Bed,"Locale, Aquatic, Spooky",Lunatic,,"Nintendo, Mario",https://youtu.be/BcD52wKrA94?si=tjPV4s0oSPuUmB-c
Super Paper Mario ~ Sammer's Kingdom,Locale,Tough,,"Nintendo, Mario",https://youtu.be/FP3_6PfHyyU?si=yKWEHAArijZJQzfn
Super Paper Mario ~ Soft Light,Cutscene,Tough,,"Nintendo, Mario",https://youtu.be/MhiiWrOYLGA
Super Paper Mario ~ Swoon.exe,Event,Tough,,"Nintendo, Mario",https://youtu.be/0sygXVCBVm4?si=onJ-wSkeLA06s9Mx
Super Paper Mario ~ The Overthere,Locale,Tough,,"Nintendo, Mario",https://youtu.be/TW7cQJBxr4k?si=jyNiNqFKd8Y1pvDY
Super Paper Mario ~ The Tile Pool,"Aquatic, Locale",Tough,,"Nintendo, Mario",https://youtu.be/gUhS9S7r-cM?si=BWMvH-v2R8AcnIgK
Super Paper Mario ~ The Ultimate Show,"Battle, Final Boss",Easy,,"Nintendo, Mario",https://youtu.be/bYmstZOqsto?si=8Loh89K4zea1fBb0
Super Paper Mario ~ The Underwhere,Locale,Tough,,"Nintendo, Mario",https://youtu.be/j9jk9AOcn6k?si=ySmdNu9l_UL8nW-v
Super Paper Mario ~ Underchomp Battle,Battle,Lunatic,,"Nintendo, Mario",https://youtu.be/BvDo_-B-TCs?si=emXETLmQguZ10WiV
Super Paper Mario ~ Whoa Zone,"Locale, Space",Tough,,"Nintendo, Mario",https://youtu.be/D-soTLOr4CI?si=DFNZeU8jdMJDUb1Y
Super Smash Bros. Brawl ~ Ashley's Song,"Locale, Vocals, Character",Easy,,"Nintendo, Super Smash Bros.",https://www.youtube.com/watch?v=Irn0pTvqf4o&
Super Smash Bros. Brawl ~ Battle Scene / Final Boss (Golden Sun),Locale,Lunatic,,"Nintendo, Super Smash Bros.",https://www.youtube.com/watch?v=NJO2vGhmNFI
Super Smash Bros. Brawl ~ Bramble Blast,Locale,Easy,,"Nintendo, Super Smash Bros.",https://www.youtube.com/watch?v=0dn-MBJe47I
Super Smash Bros. Brawl ~ Butter Building,Locale,Normal,,"Nintendo, Super Smash Bros.",https://www.youtube.com/watch?v=CdPqizjNlkk
Super Smash Bros. Brawl ~ Coin Launcher,Event,Easy,Get those trophies!,"Nintendo, Super Smash Bros.",https://www.youtube.com/watch?v=4zwZY9M-VhU
Super Smash Bros. Brawl ~ Final Destination,Locale,Easy,,"Nintendo, Super Smash Bros.",https://www.youtube.com/watch?v=Twa9CeCzpSE
Super Smash Bros. Brawl ~ Gourmet Race,Locale,Easy,,"Nintendo, Super Smash Bros.",https://www.youtube.com/watch?v=kBkpXSbMfZM
Super Smash Bros. Brawl ~ Main Theme,"Screen, Other",Easy,,"Nintendo, Super Smash Bros.",https://www.youtube.com/watch?v=6dwPEYePank
Super Smash Bros. Brawl ~ Ocarina of Time Medley,Locale,Easy,,"Nintendo, Super Smash Bros.",https://www.youtube.com/watch?v=MAZgG1lHcXo
Super Smash Bros. Brawl ~ Road to Viridian City,Locale,Normal,,"Nintendo, Super Smash Bros.",https://www.youtube.com/watch?v=F-MmfDIz-To
Super Smash Bros. for Wii U ~ Trophy Rush,Event,Lunatic,,"Nintendo, Super Smash Bros.",https://youtu.be/XXCARdf64H4
Super Smash Bros. Ultimate ~ Galaga Medley,Battle,Lunatic,,"Nintendo, Namco",https://www.youtube.com/watch?v=QZ0kZQxLPKk
Super Smash Bros. Ultimate ~ Lifelight,"Vocals, Screen, Other",Easy,,"Nintendo, Super Smash Bros.",https://youtu.be/DBE0jeNdBCg
Super Street Fighter II ~ Cammy Theme,Battle,Merciless,,"Capcom, Street Fighter",https://youtu.be/tMNPDiytN_I?si=Iq8-6388IqfYszaY
Sword & Shield  ~ Marnie Final Battle,"Battle, Boss",Easy,,"Nintendo, Pokemon",https://www.youtube.com/watch?v=YogtSeb_O9s
Sword & Shield ~ Battle! (Avery),"Battle, Boss",Tough,,"Nintendo, Pokemon",https://youtu.be/PeYdlR9wzyU?si=ERDp3nC8HjMZ-a21
Sword & Shield ~ Battle! (Calyrex),Battle,Merciless,,"Nintendo, Pokemon",https://youtu.be/Skr0yusx2U0?si=ewKDp6GimGWuEj37
Sword & Shield ~ Battle! (Finals),"Battle, Boss",Tough,,"Nintendo, Pokemon",https://youtu.be/bVrHYLbdrHQ?si=OUOWyM2iB71Dtpa9
Sword & Shield ~ Battle! (Gym Leader: Piers),"Battle, Boss",Normal,Unique Galar Gym,"Nintendo, Pokemon",https://youtu.be/EeFJRaH2Mz8
Sword & Shield ~ Battle! (Gym Leader),"Battle, Boss",Easy,,"Nintendo, Pokemon",https://youtu.be/OYSyF529bB0?si=715dDU6Yq__BWMNq
Sword & Shield ~ Battle! (Hop),"Battle, Boss",Easy,,"Nintendo, Pokemon",https://youtu.be/-6qiDpu78m8?si=Z53pIy2P9uB4EAAt
Sword & Shield ~ Battle! (Klara),"Battle, Boss",Tough,,"Nintendo, Pokemon",https://youtu.be/rwvZwKCyVAo?si=q2zYXe6IRRYUX7jq
Sword & Shield ~ Battle! (Legendary Bird Pokémon),Battle,Tough,,"Nintendo, Pokemon",https://youtu.be/X4Y0Rkc_VAU
Sword & Shield ~ Battle! (Mysterious Being),Battle,Normal,,"Nintendo, Pokemon",https://youtu.be/0bTjRQBP35c?si=Ezh72fbEsKU31a-U
Sword & Shield ~ Battle! (Peony),"Battle, Boss",Tough,,"Nintendo, Pokemon",https://youtu.be/MjD8yvClez8?si=JUhate9JTkrz5dXU
Sword & Shield ~ Battle! (Serious Mustard),"Battle, Boss",Lunatic,,"Nintendo, Pokemon",https://youtu.be/NhOqGaTGqeI?si=eSjvm6AlaKwkppdA
Sword & Shield ~ Battle! (Team Yell),Battle,Easy,,"Nintendo, Pokemon",https://youtu.be/LPT3avUXKY8?si=PHDQC5hL6y1kC-o0
Sword & Shield ~ Bede's Theme,Character,Easy,,"Nintendo, Pokemon",https://youtu.be/uifbBsuC6Ko?si=UbQz14uUDDnn6tkS
Sword & Shield ~ Boutique,Locale,Normal,,"Nintendo, Pokemon",https://youtu.be/wEPcYYTEE20?si=EN_r_o-ZkYPJNuDC
Sword & Shield ~ Champion Leon's Theme,Character,Tough,,"Nintendo, Pokemon",https://youtu.be/yWs3C6zvtlY?si=oQ12vVhH6xPw7Lxb
Sword & Shield ~ Hulbury,"Locale, Town & City",Normal,Water type Gym located here,"Nintendo, Pokemon",https://www.youtube.com/watch?v=4aik6tC8g1E
Sword & Shield ~ Marnie's Theme,Character,Normal,,"Nintendo, Pokemon",https://youtu.be/FMiORqv5zgo?si=IOSlixIUmRmvWglP
Sword & Shield ~ Motostoke,"Locale, Town & City",Normal,,"Nintendo, Pokemon",https://youtu.be/lb9i1TBotr8?si=EVR5jf4GY4t5VxZm
Sword & Shield ~ Rotom Rally,Event,Lunatic,,"Nintendo, Pokemon",https://youtu.be/17oG0CZnVmY?si=kDLGm0mw63uui5XB
Sword & Shield ~ Slumbering Weald,"Locale, Nature, Forest",Easy,,"Nintendo, Pokemon",https://youtu.be/g-G_VorH1Rg?si=KAuIAiXwCjYoi9Mx
Sword & Shield ~ Sonia's Theme,Character,Normal,,"Nintendo, Pokemon",https://youtu.be/ctS2Q32CooM?si=qZl7OAwY8UGzgzuf
Sword & Shield ~ Storming Rose Tower,Event,Lunatic,,"Nintendo, Pokemon",https://youtu.be/o3Y7YXtvkP8?si=yow8IQdTU2d4Nnay
Sword & Shield ~ Turffield,"Locale, Town & City",Normal,,"Nintendo, Pokemon",https://youtu.be/yN4sriqFmA4?si=quN4GZ4iQGzWFKWu
Tales of Symphonia ~ Dry Trail,"Locale, Nature",Lunatic,,"Namco, Tales",https://www.youtube.com/watch?v=kzZabjrnYc0
Tales of Symphonia ~ Lloyd,Character,Normal,,"Namco, Tales",https://www.youtube.com/watch?v=03sQqhKSO_8
Tales of Symphonia ~ Sheena,Character,Tough,,"Namco, Tales",https://www.youtube.com/watch?v=D8vnTEWj0_g
Tales of Symphonia ~ Zelos,Character,Tough,,"Namco, Tales",https://www.youtube.com/watch?v=5GR-mN9Qafk
Tales of Zestiria ~ Vagrant Zaveid,Battle,Lunatic,,"Namco, Tales",https://www.youtube.com/watch?v=tIPN_W7ZMjI
TCG Pocket ~ Battle Normal,Battle,Easy,,"Nintendo, Pokemon",https://www.youtube.com/watch?v=8-SgNRfZrtM
TCG Pocket ~ Pack Notification,Jingles,Easy,Did you check your phone?,"Nintendo, Pokemon",https://youtu.be/fHgBn0ugkWo
Terraria ~ Space,"Locale, Space",Tough,,Terraria,https://www.youtube.com/watch?v=EroCygxKHwk
The Hundred Line - Last Defense Academy ~ Sirei's Supervision,Character,Tough,"Uuuuup and at em, troops!",Indie,https://www.youtube.com/watch?v=jwhWFvtnekY
The Legendary Starfy ~ Boss Battle,"Battle, Boss",Tough,,Nintendo,https://www.youtube.com/watch?v=OtR8W2ulk4M
The Legendary Starfy ~ Chillydip Cove,Snowy,Tough,,Nintendo,https://www.youtube.com/watch?v=Xt4JcCPdLV4
The Legendary Starfy ~ File Selection,Screen,Normal,,Nintendo,https://www.youtube.com/watch?v=TG2lhxaLLyk
The Messenger ~ Arcane Shoppe,Locale,Easy,,"Indie, The Messenger",https://www.youtube.com/watch?v=DuDPAkvekTs
The Messenger ~ Bamboo Boogaloo (Bamboo Creek),"Locale, Nature",Tough,,"Indie, The Messenger",https://www.youtube.com/watch?v=We4N8-GC57E
The Messenger ~ Civilization in the Sky (Cloud Ruins),Locale,Normal,,"Indie, The Messenger",https://www.youtube.com/watch?v=xWlT-nCXJNA
The Spirit and the Mouse ~ South Square,"Locale, Town & City",Lunatic,,Indie,https://www.youtube.com/watch?v=Sy0yfsCJNhQ
The World Ends With You ~ Amnesia,Cutscene,Lunatic,,"TWEWY, Square Enix",https://youtu.be/rw7Wjj0hu1Y
The World Ends With You ~ Calling,Locale,Easy,,"TWEWY, Square Enix",https://youtu.be/GRh139jrXwo
The World Ends With You ~ Give Me All Your Love,"Battle, Boss",Tough,,"TWEWY, Square Enix",https://youtu.be/V3mHdyiuJRA
The World Ends With You ~ Twister,"Screen, Other",Normal,,"TWEWY, Square Enix",https://youtu.be/Pd6ey70peBE
Torna ~ A Moment of Eternity,"Credits, Vocals",Tough,,"Nintendo, Xenoblade",https://www.youtube.com/watch?v=-NYodEt_1uU
"Torna ~ Auresco, Royal Capital","Locale, Town & City",Tough,,"Nintendo, Xenoblade",https://www.youtube.com/watch?v=dbFfVLOVvDo
"Torna ~ Auresco, Royal Capital (Night)","Locale, Town & City",Tough,,"Nintendo, Xenoblade",https://www.youtube.com/watch?v=Ni0qTLkqoZs
Torna ~ Battle!! (Torna),Battle,Easy,,"Nintendo, Xenoblade",https://www.youtube.com/watch?v=_ggwbZMNyWQ
Torna ~ Four-limbed Titan (Gormott),Locale,Normal,,"Nintendo, Xenoblade",https://www.youtube.com/watch?v=ufk0ypyRtLE
Torna ~ Kingdom of Torna,Locale,Tough,,"Nintendo, Xenoblade",https://www.youtube.com/watch?v=zt-ahfxZSZk
Torna ~ Kingdom of Torna (Night),Locale,Tough,,"Nintendo, Xenoblade",https://www.youtube.com/watch?v=cllH7kfP3ZY
Torna ~ Lasaria Woodland,"Locale, Nature",Tough,,"Nintendo, Xenoblade",https://www.youtube.com/watch?v=DNRqjasioAU
Torna ~ Our Paths May Never Cross,"Battle, Final Boss",Lunatic,,"Nintendo, Xenoblade",https://www.youtube.com/watch?v=kwPl9sgNNWs
Torna ~ Over Despair and Animus,"Battle, Final Boss",Lunatic,,"Nintendo, Xenoblade",https://www.youtube.com/watch?v=hZwC_nJ0ixU
Torna ~ The Begnning of Our Memory,"Screen, Other",Tough,,"Nintendo, Xenoblade",https://www.youtube.com/watch?v=p5lMzSnStPI
Trials & Tribulations ~ Godot - The Fragrance of Black Coffee,Character,Easy,"Blacker than a moonless night, hotter and more bitter than Hell itself...","Capcom, Ace Attorney",https://youtu.be/2DTjNriHboA
Trials and Tribulations ~ Dahlia Hawthorne - Distant Traces of Beauty,Character,Normal,,"Capcom, Ace Attorney",https://youtu.be/5quxFte-97o?si=mJwL_z34J6s2QoHq
Trials and Tribulations ~ Detention Center - Prisoner's Elegy,Locale,Normal,,"Capcom, Ace Attorney",https://youtu.be/xBk1GIy3m4I?si=Jp0G5yrBtCYcCtpC
Trials and Tribulations ~ Elise Deauxnim - Gentle Melody,Character,Lunatic,,"Capcom, Ace Attorney",https://youtu.be/i_t_dhE1zIE?si=zdX4U81hmpIT43yG
Trials and Tribulations ~ End,Credits,Tough,,"Capcom, Ace Attorney",https://youtu.be/8bzmOd8KP7c?si=PpUf1YvTTlK1b3JL
Trials and Tribulations ~ Furio Tigre - Swingin' Tiger,Character,Tough,Wanted for identity theft,"Capcom, Ace Attorney",https://youtu.be/iFQ8wVjTPiE?si=Hwnq-FcDrdYzplHY
Trials and Tribulations ~ Luke Atmey - I Just Want Love,Character,Tough,,"Capcom, Ace Attorney",https://youtu.be/QJa9u_5_zK4?si=mWkh8Fvc3ieHAjVV
Trials and Tribulations ~ Mask☆deMasque - Pleeeeease Listen!,Character,Tough,,"Capcom, Ace Attorney",https://youtu.be/t1rjTDfLhLM?si=4l3O6wwcM9H7sBym
Trials and Tribulations ~ Objection! 2004,"Character, Event",Tough,,"Capcom, Ace Attorney",https://youtu.be/lpSpJqFVMtc?si=UhjNdP75HbB2pib4
Trials and Tribulations ~ Pressing Pursuit - Caught,Event,Tough,,"Capcom, Ace Attorney",https://youtu.be/wP1DJ_D4chA?si=3devqAsxsg5IgmGJ
Trials and Tribulations ~ Trial,Locale,Normal,,"Capcom, Ace Attorney",https://youtu.be/4GeSY3Kkbgc?si=_1022vb-fvlS5f5y
Twilight Princess ~ Beast Ganon Battle,"Battle, Final Boss",Tough,,"Nintendo, The Legend of Zelda",https://youtu.be/b3yP0R0QuCo
Twilight Princess ~ Beast in the Village,"Locale, Town & City",Lunatic,,"Nintendo, The Legend of Zelda",https://youtu.be/84AFREDztEc?si=Z4nf2nP4xNKVwdyy
Twilight Princess ~ Blizzeta Battle Second Half,"Battle, Boss",Lunatic,,"Nintendo, The Legend of Zelda",https://youtu.be/GXByr4mxA0U?si=jLWpd17DEml6zl_c
Twilight Princess ~ Death Sword,"Battle, Spooky",Lunatic,,"Nintendo, The Legend of Zelda",https://youtu.be/8qkapYifSVo
Twilight Princess ~ Faron Woods,"Locale, Nature",Easy,,"Nintendo, The Legend of Zelda",https://youtu.be/5LaDXvTyeSE
Twilight Princess ~ Fyrus,"Battle, Boss",Tough,,"Nintendo, The Legend of Zelda",https://youtu.be/EgKXwoKz8rk
Twilight Princess ~ Gerudo Desert,"Locale, Desert",Tough,,"Nintendo, The Legend of Zelda",https://www.youtube.com/watch?v=OBE4IqApdAA
Twilight Princess ~ Herd Game,"Event, Other",Easy,,"Nintendo, The Legend of Zelda",https://youtu.be/dZA9xJd_2j4
Twilight Princess ~ Hidden Village,"Locale, Event",Normal,,"Nintendo, The Legend of Zelda",https://youtu.be/ymoFpyxVc9Y
Twilight Princess ~ Hyrule Field,Locale,Easy,,"Nintendo, The Legend of Zelda",https://youtu.be/0QLcbBgHFDg
Twilight Princess ~ Kakariko Village,"Locale, Town & City",Normal,,"Nintendo, The Legend of Zelda",https://youtu.be/ZAr1izbL-j4
Twilight Princess ~ Lake Hylia,"Locale, Nature, Aquatic",Normal,,"Nintendo, The Legend of Zelda",https://youtu.be/Q8h2NvbxBaI
Twilight Princess ~ Link Will Save Us,Cutscene,Lunatic,,"Nintendo, The Legend of Zelda",https://youtu.be/VOkn-sqzqo8?si=rHUGXv3XuXMVdhdK
Twilight Princess ~ Malo Mart,Locale,Normal,,"Nintendo, The Legend of Zelda",https://youtu.be/WUPCX_lASc8
Twilight Princess ~ Midna's Lament,Character,Easy,,"Nintendo, The Legend of Zelda",https://youtu.be/VGGHCsGoiws
Twilight Princess ~ Midna's Theme,Character,Normal,,"Nintendo, The Legend of Zelda",https://youtu.be/FXXT2NLITHQ
Twilight Princess ~ Morpheel Battle (Second Half),"Battle, Boss, Aquatic",Tough,,"Nintendo, The Legend of Zelda",https://youtu.be/fQ6JFUt9iiA
Twilight Princess ~ Ooccoo's Theme,Character,Lunatic,,"Nintendo, The Legend of Zelda",https://youtu.be/qyHbEOUYz1c
Twilight Princess ~ Ook,Battle,Tough,,"Nintendo, The Legend of Zelda",https://youtu.be/k_QG9g5oJGo?si=FqBNxVAF_ZBOYvny
Twilight Princess ~ Orchestra Piece #1,"Screen, Other",Lunatic,,"Nintendo, The Legend of Zelda",https://youtu.be/Ix4iV4g6pPg
Twilight Princess ~ Ordon Ranch,"Locale, Town & City",Easy,,"Nintendo, The Legend of Zelda",https://youtu.be/FunyAr4h2f0
Twilight Princess ~ Ordon Village,"Locale, Town & City",Easy,,"Nintendo, The Legend of Zelda",https://youtu.be/8kh7k1QPcQQ
Twilight Princess ~ Postman's Theme,Character,Lunatic,The true American hero,"Nintendo, The Legend of Zelda",https://youtu.be/OoVjfueKEws
Twilight Princess ~ River Game,"Event, Other",Lunatic,,"Nintendo, The Legend of Zelda",https://youtu.be/ku4oO1tHdSs
Twilight Princess ~ Sacred Grove,"Locale, Nature",Easy,,"Nintendo, The Legend of Zelda",https://youtu.be/D5MH-6RkOCM
Twilight Princess ~ Snowpeak,"Locale, Nature, Snowy",Normal,,"Nintendo, The Legend of Zelda",https://youtu.be/QtbEXhx9KeQ
Twilight Princess ~ Staff Credits,Credits,Normal,,"Nintendo, The Legend of Zelda",https://youtu.be/D6VeEyCDhJo
Twilight Princess ~ Title Theme,"Screen, Other",Easy,,"Nintendo, The Legend of Zelda",https://youtu.be/tn67exiL9do
Twilight Princess ~ Twilight,"Locale, Spooky",Easy,,"Nintendo, The Legend of Zelda",https://youtu.be/s3P3awUTjs8
Twilight Princess ~ Vessel of Light is Full of Tears,Jingles,Merciless,,"Nintendo, The Legend of Zelda",https://youtu.be/LE1IU-ZUTnc?si=LLw3uS50aHeGkirf
Twilight Princess ~ Zant Battle,"Battle, Boss",Tough,,"Nintendo, The Legend of Zelda",https://youtu.be/Ay1ujrF_V2Q
Twilight Princess HD ~ Goron Mines,"Locale, Dungeon, Fiery",Normal,,"Nintendo, The Legend of Zelda",https://www.youtube.com/watch?v=ra-CDtQBJCI
Ultimate Marvel vs. Capcom 3 ~ Theme of Phoenix Wright,Character,Tough,,Capcom,https://youtu.be/Lbv5AJDh9o8?si=I_kmPYCnbmEOehea
Ultimate Marvel vs. Capcom 3 ~ Theme of Phoenix Wright (Turnabout Mode),Character,Lunatic,,Capcom,https://youtu.be/IP9PoBlFDp4?si=U54iCml_x3SArDQD
Undertale ~ Another Medium,Locale,Normal,,"Indie, Undertale",https://youtu.be/fduyBqxhXKs
Undertale ~ ASGORE,"Battle, Final Boss",Easy,It was nice to meet you.,"Indie, Undertale",https://www.youtube.com/watch?v=qrtt7mgwCTw
Undertale ~ Battle Against a True Hero,"Battle, Boss",Normal,,"Indie, Undertale",https://youtu.be/xV4pZgTe94E?si=RLXh0lW8SH3rU5FL
Undertale ~ CORE,Locale,Normal,,"Indie, Undertale",https://www.youtube.com/watch?v=WeELPnZqhow
Undertale ~ Death by Glamour,"Battle, Character, Boss",Easy,OHHHH YESSS,"Indie, Undertale",https://youtu.be/qeDIZCc6Cyo?si=5UVdy8LHY6LroV0N
Undertale ~ Dummy!,"Battle, Character",Easy,I'm... out of knives,"Indie, Undertale",https://www.youtube.com/watch?v=94JDIBZhSBM
Undertale ~ Enemy Approaching,Battle,Easy,Fight or spare?,"Indie, Undertale",https://youtu.be/g6cK5c_59YQ?si=vyG7TePJ-RN6VyQI
Undertale ~ Ghost Fight,"Battle, Character",Normal,Really not feelin up to it,"Indie, Undertale",https://youtu.be/C_5enfN8V8w?si=LHxtSM-zbRRUJNKe
Undertale ~ Heartache,"Battle, Boss",Easy,Turn back. Please.,"Indie, Undertale",https://www.youtube.com/watch?v=XJ9XtKJHvjQ
Undertale ~ Here We Are,"Locale, Spooky",Normal,And here we are! (Not Kirby),"Indie, Undertale",https://youtu.be/52olsp3GUqY?si=Bm2RkR5UrnEdGFKh
Undertale ~ His Theme,Character,Normal,,"Indie, Undertale",https://youtu.be/pMXxxFeZAPg?si=ssjwFIvuPWn4QxgY
Undertale ~ Home,Locale,Easy,"Despite everything, it's still...","Indie, Undertale",https://www.youtube.com/watch?v=J_hJDitrh8M
Undertale ~ Home (Music Box),Locale,Normal,,"Indie, Undertale",https://youtu.be/vC1GAZ62NPg?si=cNymCrGnenXU-M-h
Undertale ~ It's Raining Somewhere Else,Event,Normal,,"Indie, Undertale",https://www.youtube.com/watch?v=YidmA4DCjGc
Undertale ~ MEGALOVANIA,"Battle, Final Boss",Easy,,"Indie, Undertale",https://www.youtube.com/watch?v=0FCvzsVlXpQ
Undertale ~ Once Upon a Time,Cutscene,Easy,,"Indie, Undertale",https://youtu.be/0AQMAth2gio?si=biBduNl8FJ_bexvJ
Undertale ~ Ruins,Locale,Easy,,"Indie, Undertale",https://youtu.be/oHZDWwW6iXs?si=2tSJjBAIg4Vofngg
Undertale ~ Snowdin Town,"Locale, Town & City, Snowy",Easy,,"Indie, Undertale",https://youtu.be/LETChg7kPJo?si=xie07Qb-0qeWFsOm
Undertale ~ Snowy,"Locale, Snowy",Easy,"This, however, is a snow poff","Indie, Undertale",https://youtu.be/QZ1Jp-Wg7b0?si=sKs86LsmMx6riaaH
Undertale ~ Song That Might Play When You Fight Sans,"Battle, Character",Normal,It's never heard in game,"Indie, Undertale",https://www.youtube.com/watch?v=47GvY9rOMUs
Undertale ~ Start Menu,Screen,Easy,,"Indie, Undertale",https://youtu.be/5BrJzFtOnwo?si=I-PauK8TU6r9IbPt
Undertale ~ Waterfall,"Locale, Nature",Normal,The flowers echo,"Indie, Undertale",https://www.youtube.com/watch?v=Zb52aE6IZuY
Undertale ~ Your Best Friend,Character,Easy,Friendliness pellets!,"Indie, Undertale",https://youtu.be/MacoenOy9Ss?si=SkGorhG39sx5J4lK
"Unicorn Overlord ~ Farde Mal Diavolo (Come, Foul Daemon)","Vocals, Battle, Final Boss",Merciless,,SEGA,https://www.youtube.com/watch?v=vui8xcRSxtA
Unpacking ~ Lost and Found,Other,Lunatic,A game about moving,"Indie, Other",https://www.youtube.com/watch?v=LBvQQ-1T1hI
VA-11 HALL-A ~ Another Satisfied Customer,Screen,Normal,"Thank you, come again!","Indie, VA-11 HALL-A",https://youtu.be/vFrFYXo5YJs
VA-11 HALL-A ~ Every Day is Night,Other,Easy,,"Indie, VA-11 HALL-A",https://www.youtube.com/watch?v=H-AfGh8gmiQ
VA-11 HALL-A ~ Go! Go! Streaming-Chan!,Character,Tough,8888888888888888,"Indie, VA-11 HALL-A",https://youtu.be/Vt1dxYxOc6Q
VA-11 HALL-A ~ Hopes and Dreams,"Screen, Other",Easy,"Mix drinks, change lives","Indie, VA-11 HALL-A",https://youtu.be/utYouad0v5E
VA-11 HALL-A ~ Your Love is a Drug,Other,Normal,*Kira*! Miki!,"Indie, VA-11 HALL-A",https://youtu.be/fBgVj1zabVc
Virtue's Last Reward ~ Blue Bird Lamentation,Cutscene,Tough,,"Spike Chunsoft, 999",https://www.youtube.com/watch?v=gFJ1r6_4mW4
Wario Land: Shake It! ~ Glittertown / Neon City,"Locale, Town & City",Lunatic,,"Nintendo, Wario",https://youtu.be/pcO0-WctUVw?si=gKpU_qOKo8kDjTfB
Wario Land: Shake It! ~ Slipshod Slopes / Freezing Fields,Snowy,Lunatic,,"Nintendo, Wario",https://www.youtube.com/watch?v=XZl6v4dg2lo
WarioWare ~ 9Volt and 18Volt,Jingles,Tough,,"Nintendo, WarioWare",https://www.youtube.com/watch?v=_1A3gxClGj4
WarioWare: Get It Together ~ Jimmy T (Boss),Jingles,Tough,,"Nintendo, WarioWare",https://www.youtube.com/watch?v=c659oY3Rp5M
WarioWare: Get It Together ~ Mona (Boss),Jingles,Tough,,"Nintendo, WarioWare",https://www.youtube.com/watch?v=IUowq7HqeK8
Warriors Orochi 3 ~ Ryu Hayabusa's Theme,Character,Lunatic,,"Koei Tecmo, Ninja Gaiden",https://youtu.be/4jaIUlz-wNU?si=60Bvd10aIy777J0g
We Love Katamari ~ Dan Don Fuga (King's Theme),Character,Tough,,Namco,https://www.youtube.com/watch?v=y-pE9j98jP0
Wii Sports ~ Bowling,"Event, Other",Tough,,"Nintendo, Wii",https://www.youtube.com/watch?v=lWZMQ5Hgi38
Wii Sports ~ Boxing - Results,"Screen, Other",Normal,,"Nintendo, Wii",https://www.youtube.com/watch?v=djcxpI31DpM
Wii Sports ~ Tennis - Select Position,"Screen, Other",Tough,,"Nintendo, Wii",https://www.youtube.com/watch?v=MTZDvnroiKM
Wii Sports ~ Title Screen,"Screen, Other",Easy,,"Nintendo, Wii",https://www.youtube.com/watch?v=1AtjZTr36v4
Wild Arms ~ Into the Wilderness,"Screen, Other",Merciless,,Wild Arms,https://youtu.be/onw_5DGTP_I?si=f0SmmUmzek0DApvA
Wind Waker ~ Ceremony in the Woods,"Cutscene, Forest",Tough,,"Nintendo, The Legend of Zelda",https://youtu.be/0Tn7pQRefOo?si=op3iHB0I_J1i9r-Y
Wind Waker ~ Dragon Roost Island,Locale,Easy,,"Nintendo, The Legend of Zelda",https://youtu.be/SfaNKs2KZ1o?si=KdomYCEDIn_9vQvA
Wind Waker ~ Earth Temple,"Dungeon, Spooky",Lunatic,,"Nintendo, The Legend of Zelda",https://youtu.be/Uek-U3P9KCg?si=ku7EgzPbZ7rZ_UoN
Wind Waker ~ Forest Haven,"Locale, Nature, Forest",Tough,,"Nintendo, The Legend of Zelda",https://youtu.be/Y_z6D-eK5uI?si=udZsMZXieNlUPLLn
Wind Waker ~ Ganondorf Battle,"Battle, Final Boss",Tough,,"Nintendo, The Legend of Zelda",https://youtu.be/4PYb7I_Je10?si=NFm9JeqZfhvelDTo
Wind Waker ~ Gohdan,"Battle, Boss",Tough,,"Nintendo, The Legend of Zelda",https://youtu.be/wHzL76xcmOA?si=i5afDAz8sA569xHr
Wind Waker ~ Gohma Battle First Half,"Battle, Boss, Fiery",Tough,,"Nintendo, The Legend of Zelda",https://youtu.be/z4V_i-Nh0Ng?si=Fowxsg-zMCBxKySW
Wind Waker ~ GRA-A-ANDMA!,"Locale, Character",Tough,,"Nintendo, The Legend of Zelda",https://youtu.be/lP42TXIsXKg?si=pjyQTqPDEh5Ba2nk
Wind Waker ~ Helmaroc King,"Battle, Boss",Tough,,"Nintendo, The Legend of Zelda",https://youtu.be/kNlCklrJzkg?si=q-2T3aKv6x-90xaG
Wind Waker ~ Jalhalla,"Battle, Boss, Spooky",Tough,,"Nintendo, The Legend of Zelda",https://youtu.be/v9K2UN0b130?si=f0070ASOn60S_CBV
Wind Waker ~ Makar's Prayer,Cutscene,Lunatic,,"Nintendo, The Legend of Zelda",https://youtu.be/so70dGIrCwM?si=ZDDSeHYhziEcUoS6
Wind Waker ~ Medli's Prayer,Cutscene,Lunatic,,"Nintendo, The Legend of Zelda",https://youtu.be/wFIEVlf7g_Y?si=bsEGl6yfZ7gqGOqS
Wind Waker ~ Molgera,"Battle, Boss",Normal,,"Nintendo, The Legend of Zelda",https://youtu.be/NJeuXdPDYSE?si=DRc1roRRLozOc-53
Wind Waker ~ Molgera (2nd Time),"Battle, Boss",Tough,,"Nintendo, The Legend of Zelda",https://youtu.be/RUvBoUi8vOU?si=yIBb1hbb6C6kXzE5
Wind Waker ~ Ocean,"Locale, Aquatic",Easy,,"Nintendo, The Legend of Zelda",https://youtu.be/xV9_iMpXv-U?si=wQVhupNm3kZm-FcZ
Wind Waker ~ Outset Island,Locale,Easy,,"Nintendo, The Legend of Zelda",https://youtu.be/vwMCZ6B499c?si=aUZsAkMSXCUJ9H6b
Wind Waker ~ Sage Fado,Character,Lunatic,,"Nintendo, The Legend of Zelda",https://youtu.be/ZHmf7B8_gco?si=ARtmap50GzDNH16I
Wind Waker ~ Staff Credits,Credits,Easy,,"Nintendo, The Legend of Zelda",https://youtu.be/xtfuoULUGRk?si=egdu6vSRtK8J3wDo
Wind Waker ~ The Great Sea is Cursed,"Locale, Aquatic",Tough,,"Nintendo, The Legend of Zelda",https://youtu.be/54J14Xa-HY0?si=ED8G-GEMFL1s70tz
Wind Waker ~ The Legendary Hero,Cutscene,Normal,,"Nintendo, The Legend of Zelda",https://youtu.be/r7AGlW-XxKk?si=Oyx-maK9akU7WlAf
Wind Waker ~ Windfall Island,"Locale, Town & City",Easy,,"Nintendo, The Legend of Zelda",https://youtu.be/TAUDsoy8OM0?si=mph9P1BIYeN8tC0x
X & Y ~ Anistar City,"Locale, Town & City",Tough,,"Nintendo, Pokemon",https://youtu.be/WQlekN_UkKc
X & Y ~ AZ,Character,Normal,,"Nintendo, Pokemon",https://youtu.be/0oiMckTqvGs
X & Y ~ Battle! (Champion),"Battle, Final Boss",Easy,Ace: Gardevoir,"Nintendo, Pokemon",https://youtu.be/xIhzepyJSSw
X & Y ~ Battle! (Elite Four),"Battle, Boss",Normal,"Dragon, steel, fire, water","Nintendo, Pokemon",https://youtu.be/O7wXFnmO7Lo
X & Y ~ Battle! (Friend),"Battle, Adversary",Easy,Theme of multiple characters,"Nintendo, Pokemon",https://youtu.be/MXPmUCn299g
X & Y ~ Battle! (Gym Leader),"Battle, Boss",Normal,,"Nintendo, Pokemon",https://youtu.be/5SqDGUaP7xY
X & Y ~ Battle! (Wild Pokemon),Battle,Easy,,"Nintendo, Pokemon",https://youtu.be/RV0UfYtlogM
X & Y ~ Battle! (Xerneas/Yveltal),Battle,Easy,Life or death,"Nintendo, Pokemon",https://youtu.be/UdTXbI4nYSs
X & Y ~ Bicycle,"Event, Object",Easy,,"Nintendo, Pokemon",https://youtu.be/LNGAITYRqNg
X & Y ~ Boutique,Locale,Easy,,"Nintendo, Pokemon",https://youtu.be/VX_zvWeMTUo
X & Y ~ Gate,Locale,Tough,"Where to, next?","Nintendo, Pokemon",https://youtu.be/4fHkWWfSIXU
X & Y ~ Laverre City,"Locale, Town & City",Tough,,"Nintendo, Pokemon",https://youtu.be/AZwrwdb4iTc
X & Y ~ Lumiose City,"Locale, Town & City",Easy,Definitely not Paris,"Nintendo, Pokemon",https://youtu.be/fYSbR3a4Wyw?si=jfZsrJUIioLyYTs-
X & Y ~ Obtained a Mega Stone!,"Jingles, Object",Normal,,"Nintendo, Pokemon",https://youtu.be/QwSVUFMGlqs
X & Y ~ Professor Sycamore's Theme,Character,Easy,,"Nintendo, Pokemon",https://youtu.be/HApAtD3XbP8
X & Y ~ Route 1,"Locale, Nature",Normal,Shortest route in the game,"Nintendo, Pokemon",https://youtu.be/FaAdml8e5aA
X & Y ~ Route 15,"Locale, Nature",Tough,,"Nintendo, Pokemon",https://youtu.be/nNX59JCldWg
X & Y ~ Santalune Forest,"Locale, Nature, Forest",Normal,What bird is that in the background?,"Nintendo, Pokemon",https://youtu.be/hO_RvF4qmyU
X & Y ~ Snowbelle City,"Locale, Town & City, Snowy",Normal,,"Nintendo, Pokemon",https://youtu.be/z6Ah2mBNxhU
X & Y ~ The Kalos Power Plant,Locale,Normal,,"Nintendo, Pokemon",https://youtu.be/ztz2u94I5Ks
X & Y ~ Title Screen,"Screen, Other",Easy,,"Nintendo, Pokemon",https://youtu.be/oc6X5d_kM9U
X & Y ~ Tower of Mastery,Locale,Tough,,"Nintendo, Pokemon",https://youtu.be/-QbhmZFDKI0
X & Y ~ Trainers' Eyes Meet (Roller Skater),Event,Merciless,,"Nintendo, Pokemon",https://youtu.be/XOlJeC1ZB8s
X & Y ~ Vaniville Town,"Locale, Town & City",Easy,,"Nintendo, Pokemon",https://youtu.be/rSwNEa6u6R4
XD: Gale of Darkness ~ Miror B. Battle,"Battle, Boss, Character",Easy,Almost only Ludicolo,"Nintendo, Pokemon",https://www.youtube.com/watch?v=B26s2iWraDk
Xenoblade Chronicles ~ A Friend On My Mind,Cutscene,Tough,,"Nintendo, Xenoblade",https://www.youtube.com/watch?v=uM2_kvoopik
Xenoblade Chronicles ~ A Tragic Decision,"Cutscene, Battle",Normal,,"Nintendo, Xenoblade",https://www.youtube.com/watch?v=wLXyb_wJPc4
"Xenoblade Chronicles ~ Agniratha, Mechonis Capital","Locale, Town & City",Tough,,"Nintendo, Xenoblade",https://www.youtube.com/watch?v=8NVjkXrFHyg
"Xenoblade Chronicles ~ Agniratha, Mechonis Capital (Night)","Locale, Town & City",Tough,,"Nintendo, Xenoblade",https://www.youtube.com/watch?v=lDlK8MVTeB4
"Xenoblade Chronicles ~ Alcamoth, Imperial Capital","Locale, Town & City",Easy,,"Nintendo, Xenoblade",https://www.youtube.com/watch?v=2f2oB4M9FCM
"Xenoblade Chronicles ~ Alcamoth, Imperial Capital (Night)","Locale, Town & City",Easy,,"Nintendo, Xenoblade",https://www.youtube.com/watch?v=MdN-ZA3PNo0
Xenoblade Chronicles ~ An Obstacle in Our Path,"Boss, Battle",Normal,,"Nintendo, Xenoblade",https://www.youtube.com/watch?v=f7iS7F-jUv8
Xenoblade Chronicles ~ Beyond the Sky,"Cutscene, Vocals",Easy,,"Nintendo, Xenoblade",https://www.youtube.com/watch?v=wen4uyD6be0
Xenoblade Chronicles ~ Bionis' Awakening,Cutscene,Lunatic,,"Nintendo, Xenoblade",https://www.youtube.com/watch?v=JgBJlCOIXIM
Xenoblade Chronicles ~ Bionis' Interior (Carcass),Locale,Tough,,"Nintendo, Xenoblade",https://www.youtube.com/watch?v=3kFvJ9BU3xA
Xenoblade Chronicles ~ Bionis' Interior (Pulse),Locale,Tough,,"Nintendo, Xenoblade",https://www.youtube.com/watch?v=wELPCduMm-4
Xenoblade Chronicles ~ Central Factory,Locale,Lunatic,,"Nintendo, Xenoblade",https://www.youtube.com/watch?v=L6fYjD5Ifs4
Xenoblade Chronicles ~ Colony 6 - Future,Locale,Tough,"0%, 25%, 50%, 75%","Nintendo, Xenoblade",https://www.youtube.com/watch?v=4zrz69MK69s
Xenoblade Chronicles ~ Colony 6 - Hope,"Locale, Town & City",Tough,"0%, 25%, 50%, 75%","Nintendo, Xenoblade",https://www.youtube.com/watch?v=Mpg_Pb_7tZM
Xenoblade Chronicles ~ Colony 6 - Rebuilding,"Locale, Town & City",Tough,"0%, 25%, 50%, 75%","Nintendo, Xenoblade",https://www.youtube.com/watch?v=saQmxy24slE
Xenoblade Chronicles ~ Colony 6 - Silence,"Locale, Town & City",Tough,"0%, 25%, 50%, 75%","Nintendo, Xenoblade",https://www.youtube.com/watch?v=19fVx-zZ3qU
Xenoblade Chronicles ~ Colony 9,Locale,Easy,,"Nintendo, Xenoblade",https://www.youtube.com/watch?v=0C5XXu7Mqqg
Xenoblade Chronicles ~ Colony 9 (Night),Locale,Easy,,"Nintendo, Xenoblade",https://www.youtube.com/watch?v=NYtyWxE-ilw
Xenoblade Chronicles ~ Egil's Theme,Character,Tough,,"Nintendo, Xenoblade",https://www.youtube.com/watch?v=S626Z_wsUKg
Xenoblade Chronicles ~ Enemies Closing In,Battle,Tough,,"Nintendo, Xenoblade",https://www.youtube.com/watch?v=8lpXT553qoE
Xenoblade Chronicles ~ Engage the Enemy,Cutscene,Easy,,"Nintendo, Xenoblade",https://www.youtube.com/watch?v=GTCB79fDUOY
Xenoblade Chronicles ~ Eryth Sea,"Locale, Nature, Aquatic",Tough,,"Nintendo, Xenoblade",https://www.youtube.com/watch?v=yDpKsJKqJVQ
Xenoblade Chronicles ~ Eryth Sea (Night),"Locale, Nature, Aquatic",Tough,,"Nintendo, Xenoblade",https://www.youtube.com/watch?v=REE-y3m26YU
Xenoblade Chronicles ~ Ether Mine,Locale,Normal,,"Nintendo, Xenoblade",https://www.youtube.com/watch?v=1E_fI5olV8s
Xenoblade Chronicles ~ Everyday Life,Cutscene,Tough,,"Nintendo, Xenoblade",https://www.youtube.com/watch?v=RF2K4sG8pyE
Xenoblade Chronicles ~ Forest of the Nopon,"Locale, Nature, Forest",Normal,,"Nintendo, Xenoblade",https://www.youtube.com/watch?v=-Eus-9GKHFw
Xenoblade Chronicles ~ Forest of the Nopon (Night),"Locale, Nature, Forest",Normal,,"Nintendo, Xenoblade",https://www.youtube.com/watch?v=DInvIf3p-Sg
Xenoblade Chronicles ~ Frontier Village,"Locale, Town & City",Normal,,"Nintendo, Xenoblade",https://www.youtube.com/watch?v=GhqdgsIUa4k
Xenoblade Chronicles ~ Frontier Village (Night),"Locale, Town & City",Normal,,"Nintendo, Xenoblade",https://www.youtube.com/watch?v=CYoNzIjmzuw
Xenoblade Chronicles ~ Galahad Fortress,Locale,Lunatic,,"Nintendo, Xenoblade",https://www.youtube.com/watch?v=4OKOcSw-0lA
Xenoblade Chronicles ~ Gaur Plain,"Locale, Nature",Easy,,"Nintendo, Xenoblade",https://www.youtube.com/watch?v=LFrZo963D0s
Xenoblade Chronicles ~ Gaur Plain (Night),"Locale, Nature",Easy,,"Nintendo, Xenoblade",https://www.youtube.com/watch?v=Fl4fRnRxV7Y
Xenoblade Chronicles ~ Hidden Machina Village,"Locale, Town & City",Tough,,"Nintendo, Xenoblade",https://www.youtube.com/watch?v=a6Zeu3g0Yf8
Xenoblade Chronicles ~ Hometown,"Locale, Town & City",Easy,,"Nintendo, Xenoblade",https://www.youtube.com/watch?v=bh2uilCGnHg
Xenoblade Chronicles ~ Hometown (Night),"Locale, Town & City",Easy,,"Nintendo, Xenoblade",https://www.youtube.com/watch?v=Y7oTEMrgMYg
Xenoblade Chronicles ~ In the Refugee Camp,Locale,Normal,,"Nintendo, Xenoblade",https://www.youtube.com/watch?v=Mqbe_H9QGO0
Xenoblade Chronicles ~ Main Theme,"Screen, Other",Easy,,"Nintendo, Xenoblade",https://www.youtube.com/watch?v=d7V3M2DAq1E
Xenoblade Chronicles ~ Mechanical Rhythm,Battle,Easy,,"Nintendo, Xenoblade",https://www.youtube.com/watch?v=nXafUA1laIU
Xenoblade Chronicles ~ Mechonis Field,Locale,Normal,,"Nintendo, Xenoblade",https://www.youtube.com/watch?v=DB20rYaWZLA
Xenoblade Chronicles ~ Memories,Cutscene,Lunatic,,"Nintendo, Xenoblade",https://www.youtube.com/watch?v=z7nTKKxPXZ8
Xenoblade Chronicles ~ Prison Island,Locale,Lunatic,,"Nintendo, Xenoblade",https://www.youtube.com/watch?v=ISA50diedYk
Xenoblade Chronicles ~ Prologue A,Cutscene,Tough,,"Nintendo, Xenoblade",https://www.youtube.com/watch?v=O1iF30ve154
Xenoblade Chronicles ~ Prologue B,Cutscene,Tough,,"Nintendo, Xenoblade",https://www.youtube.com/watch?v=8fTZUCkj6AE
Xenoblade Chronicles ~ Reminiscence - Music Box,Cutscene,Lunatic,,"Nintendo, Xenoblade",https://www.youtube.com/watch?v=TE45zT-V73w
Xenoblade Chronicles ~ Riki The Legendary Heropon,Character,Easy,,"Nintendo, Xenoblade",https://www.youtube.com/watch?v=mo_dkMRTqTo
Xenoblade Chronicles ~ Riki's Kindness,Character,Tough,,"Nintendo, Xenoblade",https://www.youtube.com/watch?v=w53sQKYNEDg
Xenoblade Chronicles ~ Satorl Marsh,"Locale, Nature",Normal,,"Nintendo, Xenoblade",https://www.youtube.com/watch?v=jonBT7g97ts
Xenoblade Chronicles ~ Satorl Marsh (Night),"Locale, Nature",Normal,,"Nintendo, Xenoblade",https://www.youtube.com/watch?v=jXs0qruX148
Xenoblade Chronicles ~ Shulk and Fiora,Character,Normal,,"Nintendo, Xenoblade",https://www.youtube.com/watch?v=wtGk-Ol7LR4
Xenoblade Chronicles ~ Sword Valley,Locale,Normal,,"Nintendo, Xenoblade",https://www.youtube.com/watch?v=joRJFwbWcaw
Xenoblade Chronicles ~ Sword Valley (Night),Locale,Normal,,"Nintendo, Xenoblade",https://www.youtube.com/watch?v=6dUkXcgOqgo
Xenoblade Chronicles ~ Tephra Cave,"Locale, Nature",Normal,,"Nintendo, Xenoblade",https://www.youtube.com/watch?v=Kl7r4KXwVpA
Xenoblade Chronicles ~ The Battle is Upon Us,Cutscene,Normal,,"Nintendo, Xenoblade",https://www.youtube.com/watch?v=N5rce_FDH_w
Xenoblade Chronicles ~ The Fallen Land,Locale,Tough,,"Nintendo, Xenoblade",https://www.youtube.com/watch?v=k-MxBRSule0
Xenoblade Chronicles ~ The Fallen Land (Night),Locale,Tough,,"Nintendo, Xenoblade",https://www.youtube.com/watch?v=mP4OnVC1mNY
Xenoblade Chronicles ~ The God Slaying Sword,"Battle, Final Boss",Normal,,"Nintendo, Xenoblade",https://www.youtube.com/watch?v=0QQXkO6gTaY
Xenoblade Chronicles ~ The Monado Awakens,Cutscene,Tough,,"Nintendo, Xenoblade",https://www.youtube.com/watch?v=ai_e81rEGU8
Xenoblade Chronicles ~ Time to Fight!,Battle,Easy,,"Nintendo, Xenoblade",https://www.youtube.com/watch?v=8S0KGphqJVk
Xenoblade Chronicles ~ Unfinished Business,Cutscene,Easy,,"Nintendo, Xenoblade",https://www.youtube.com/watch?v=0w7ybCqRSFk
Xenoblade Chronicles ~ Valak Mountain,"Locale, Nature, Snowy",Tough,,"Nintendo, Xenoblade",https://www.youtube.com/watch?v=CBontCoS5E8
Xenoblade Chronicles ~ Valak Mountain (Night),"Locale, Nature, Snowy",Tough,,"Nintendo, Xenoblade",https://www.youtube.com/watch?v=F8oowKzNIlU
Xenoblade Chronicles ~ Visions of the Future,Battle,Lunatic,,"Nintendo, Xenoblade",https://www.youtube.com/watch?v=FH6hB0dFD94
Xenoblade Chronicles ~ You Will Know Our Names,Battle,Easy,,"Nintendo, Xenoblade",https://www.youtube.com/watch?v=5aPA7gBY1ek
Xenoblade Chronicles ~ Zanza the Divine,"Cutscene, Battle, Final Boss",Easy,,"Nintendo, Xenoblade",https://www.youtube.com/watch?v=MnVemwebkiY
Xenoblade Chronicles 2 ~ A Nopon's Life,Cutscene,Tough,,"Nintendo, Xenoblade",https://www.youtube.com/watch?v=kdYbUyEA8cs
Xenoblade Chronicles 2 ~ After Despair and Hope,"Battle, Final Boss",Tough,,"Nintendo, Xenoblade",https://www.youtube.com/watch?v=5fSlT3YAkPE
Xenoblade Chronicles 2 ~ Alba Cavanich,"Locale, Town & City",Normal,,"Nintendo, Xenoblade",https://www.youtube.com/watch?v=hVukpsSzcD4
Xenoblade Chronicles 2 ~ Alba Cavanich (Night),"Locale, Town & City",Normal,,"Nintendo, Xenoblade",https://www.youtube.com/watch?v=LFL3c3r6Mfw
Xenoblade Chronicles 2 ~ Ancient Vessel,Locale,Tough,,"Nintendo, Xenoblade",https://www.youtube.com/watch?v=mWmm4VkFo6Q
Xenoblade Chronicles 2 ~ Argentum,"Locale, Town & City",Easy,,"Nintendo, Xenoblade",https://www.youtube.com/watch?v=2Es--2Hu8tQ
Xenoblade Chronicles 2 ~ Argentum (Night),"Locale, Town & City",Easy,,"Nintendo, Xenoblade",https://www.youtube.com/watch?v=JETzyfR_jM0
Xenoblade Chronicles 2 ~ Bana's Theme,Character,Lunatic,,"Nintendo, Xenoblade",https://www.youtube.com/watch?v=agEnMNVhdpk
Xenoblade Chronicles 2 ~ Battle in the Skies Above,Battle,Lunatic,,"Nintendo, Xenoblade",https://www.youtube.com/watch?v=DdkCzUVohOQ
Xenoblade Chronicles 2 ~ Battle!!,Battle,Easy,,"Nintendo, Xenoblade",https://www.youtube.com/watch?v=pxhIj0tSLmc
Xenoblade Chronicles 2 ~ Bringer of Chaos! Ultimate,"Battle, Boss",Tough,,"Nintendo, Xenoblade",https://www.youtube.com/watch?v=rVAG4CxZ3Ak
Xenoblade Chronicles 2 ~ Cliffs of Morytha,Locale,Lunatic,,"Nintendo, Xenoblade",https://www.youtube.com/watch?v=0efFquhsHLY
Xenoblade Chronicles 2 ~ Counterattack,Cutscene,Easy,,"Nintendo, Xenoblade",https://www.youtube.com/watch?v=2dga4-7PPAA
Xenoblade Chronicles 2 ~ Death Match with Torna,Battle,Normal,,"Nintendo, Xenoblade",https://www.youtube.com/watch?v=T2PyK7HT350
Xenoblade Chronicles 2 ~ Desolation,Cutscene,Lunatic,,"Nintendo, Xenoblade",https://www.youtube.com/watch?v=ZypKFvTF1tc
Xenoblade Chronicles 2 ~ Drifting Soul,"Cutscene, Vocals",Normal,,"Nintendo, Xenoblade",https://www.youtube.com/watch?v=mzp8HAJTtBg
Xenoblade Chronicles 2 ~ Driver Vs,Battle,Tough,,"Nintendo, Xenoblade",https://www.youtube.com/watch?v=FrJi-iM7I1Y
Xenoblade Chronicles 2 ~ Ever Come to an End,"Locale, Town & City",Lunatic,,"Nintendo, Xenoblade",https://www.youtube.com/watch?v=fO11VzYoqKQ
Xenoblade Chronicles 2 ~ Eye of Shining Justice,"Character, Cutscene",Tough,,"Nintendo, Xenoblade",https://www.youtube.com/watch?v=6FlfQ2TyPgw
Xenoblade Chronicles 2 ~ Flashback,Battle,Merciless,,"Nintendo, Xenoblade",https://www.youtube.com/watch?v=P6calhRwjFU
Xenoblade Chronicles 2 ~ Fonsa Myma,"Locale, Town & City",Normal,,"Nintendo, Xenoblade",https://www.youtube.com/watch?v=N0bfcDlRpJA
Xenoblade Chronicles 2 ~ Fonsa Myma (Night),"Locale, Town & City",Normal,,"Nintendo, Xenoblade",https://www.youtube.com/watch?v=RSQ03Q5xLh4
Xenoblade Chronicles 2 ~ Garfont Mercenaries,"Locale, Town & City",Normal,,"Nintendo, Xenoblade",https://www.youtube.com/watch?v=VzPOSigrIfE
Xenoblade Chronicles 2 ~ Garfont Mercenaries (Night),"Locale, Town & City",Normal,,"Nintendo, Xenoblade",https://www.youtube.com/watch?v=645qEme_tb8
Xenoblade Chronicles 2 ~ Gormott,Locale,Easy,,"Nintendo, Xenoblade",https://www.youtube.com/watch?v=VgmmL-7byp4
Xenoblade Chronicles 2 ~ Gormott (Night),Locale,Easy,,"Nintendo, Xenoblade",https://www.youtube.com/watch?v=Wgtw8T5me9E
Xenoblade Chronicles 2 ~ Gormotti Forest,"Locale, Nature, Forest",Tough,,"Nintendo, Xenoblade",https://www.youtube.com/watch?v=kLcfWb7dK9I
Xenoblade Chronicles 2 ~ Gramps,"Locale, Town & City",Tough,,"Nintendo, Xenoblade",https://www.youtube.com/watch?v=N3JnslZ_jiQ
Xenoblade Chronicles 2 ~ Gramps (Night),"Locale, Town & City",Tough,,"Nintendo, Xenoblade",https://www.youtube.com/watch?v=fT4DPC_MNJY
Xenoblade Chronicles 2 ~ Incoming!,Battle,Normal,,"Nintendo, Xenoblade",https://www.youtube.com/watch?v=np5UlZ-Ho-4
Xenoblade Chronicles 2 ~ Kingdom of Uraya,Locale,Easy,,"Nintendo, Xenoblade",https://www.youtube.com/watch?v=weBdLPLaON0
Xenoblade Chronicles 2 ~ Kingdom of Uraya (Night),Locale,Easy,,"Nintendo, Xenoblade",https://www.youtube.com/watch?v=xzcG4ADSY-Y
Xenoblade Chronicles 2 ~ Land of Morytha,Locale,Tough,,"Nintendo, Xenoblade",https://www.youtube.com/watch?v=PNOJDX5U-Bw
Xenoblade Chronicles 2 ~ Leftherian Archipelago,Locale,Tough,,"Nintendo, Xenoblade",https://www.youtube.com/watch?v=22VRuM1f6AA
Xenoblade Chronicles 2 ~ Leftherian Archipelago (Night),Locale,Tough,,"Nintendo, Xenoblade",https://www.youtube.com/watch?v=TSvrjjdIgDw
Xenoblade Chronicles 2 ~ Monster Surprised You,Battle,Tough,,"Nintendo, Xenoblade",https://www.youtube.com/watch?v=S299wvRJ1bo
Xenoblade Chronicles 2 ~ Mor Ardain - Roaming the Wastes,Locale,Easy,,"Nintendo, Xenoblade",https://www.youtube.com/watch?v=z0v9FX-hLR0
Xenoblade Chronicles 2 ~ Mor Ardain - Roaming the Wastes (Night),Locale,Easy,,"Nintendo, Xenoblade",https://www.youtube.com/watch?v=OkGuDBtRHd0
Xenoblade Chronicles 2 ~ One Last You,"Credits, Vocals",Normal,,"Nintendo, Xenoblade",https://www.youtube.com/watch?v=xvVkrhujEJg
Xenoblade Chronicles 2 ~ Past from Far Distance,Character,Lunatic,,"Nintendo, Xenoblade",https://www.youtube.com/watch?v=fuvJFpRs8Ew
Xenoblade Chronicles 2 ~ Praetor Amalthus - The Acting God,"Battle, Boss",Lunatic,,"Nintendo, Xenoblade",https://www.youtube.com/watch?v=8Kkj6CACosk
Xenoblade Chronicles 2 ~ Shadow of the Lowlands,Locale,Lunatic,,"Nintendo, Xenoblade",https://www.youtube.com/watch?v=vLTN2_7jvUw
Xenoblade Chronicles 2 ~ Song of Giga Rosa,Battle,Normal,,"Nintendo, Xenoblade",https://www.youtube.com/watch?v=ekUPO9druu8
Xenoblade Chronicles 2 ~ Spirit Crucible Elpys,"Locale, Town & City",Tough,,"Nintendo, Xenoblade",https://www.youtube.com/watch?v=gbzvkrX1swk
"Xenoblade Chronicles 2 ~ Still, Move Forward!",Battle,Tough,,"Nintendo, Xenoblade",https://www.youtube.com/watch?v=Zn_MXqH8MaQ
Xenoblade Chronicles 2 ~ Tantal,Locale,Tough,,"Nintendo, Xenoblade",https://www.youtube.com/watch?v=5G8Z4p7PIck
Xenoblade Chronicles 2 ~ Tantal (Night),Locale,Tough,,"Nintendo, Xenoblade",https://www.youtube.com/watch?v=NAQY8-1TTog
Xenoblade Chronicles 2 ~ Temperantia,Locale,Tough,,"Nintendo, Xenoblade",https://www.youtube.com/watch?v=F58GmozGbiQ
Xenoblade Chronicles 2 ~ The Abandoned City,Locale,Lunatic,,"Nintendo, Xenoblade",https://www.youtube.com/watch?v=jLqi2Zf3RYE
Xenoblade Chronicles 2 ~ The Power of Jin,"Battle, Boss",Tough,,"Nintendo, Xenoblade",https://www.youtube.com/watch?v=oUZ8CO4CTU0
Xenoblade Chronicles 2 ~ Those Who Stand Against Our Path,Battle,Normal,,"Nintendo, Xenoblade",https://www.youtube.com/watch?v=gg-epvFiUus
Xenoblade Chronicles 2 ~ Tiger! Tiger!,"Event, Other",Normal,,"Nintendo, Xenoblade",https://www.youtube.com/watch?v=3gLhy5GcGr8
Xenoblade Chronicles 2 ~ Titan Battleship,Locale,Lunatic,,"Nintendo, Xenoblade",https://www.youtube.com/watch?v=sReJjMdNE2U
Xenoblade Chronicles 2 ~ Torigoth,"Locale, Town & City",Easy,,"Nintendo, Xenoblade",https://www.youtube.com/watch?v=7qI7MKfhuHs
Xenoblade Chronicles 2 ~ Torigoth (Night),"Locale, Town & City",Easy,,"Nintendo, Xenoblade",https://www.youtube.com/watch?v=yoxynA65SbM
Xenoblade Chronicles 2 ~ Wanted Nia,Cutscene,Tough,,"Nintendo, Xenoblade",https://www.youtube.com/watch?v=6p4VV3Zot6s
Xenoblade Chronicles 2 ~ Where We Used To Be,"Screen, Other",Normal,,"Nintendo, Xenoblade",https://www.youtube.com/watch?v=7oXmpIZBLzg
Xenoblade Chronicles 2 ~ White All Around Us,Credits,Lunatic,,"Nintendo, Xenoblade",https://www.youtube.com/watch?v=RsIyZFL-LdI
Xenoblade Chronicles 2 ~ Yggdrasil,Locale,Tough,,"Nintendo, Xenoblade",https://www.youtube.com/watch?v=-uqTTs1xSZk
Xenoblade Chronicles 2 ~ You Will Recall Our Names,Battle,Normal,,"Nintendo, Xenoblade",https://www.youtube.com/watch?v=Pog_L1yYScA
Xenoblade Chronicles 3 ~ A Formidable Enemy,Battle,Easy,,"Nintendo, Xenoblade",https://youtu.be/qeTSQcSeWZ8
Xenoblade Chronicles 3 ~ A Life Sent On,Cutscene,Easy,,"Nintendo, Xenoblade",https://youtu.be/4nRIQ0sHxQg
Xenoblade Chronicles 3 ~ Alfeto Valley,"Locale, Nature",Normal,,"Nintendo, Xenoblade",https://youtu.be/MlmbmTByvMc
Xenoblade Chronicles 3 ~ Battlefield - The Scramble for Life,Cutscene,Lunatic,,"Nintendo, Xenoblade",https://youtu.be/bX84NA0kbJA
Xenoblade Chronicles 3 ~ Iris Network,"Screen, Other",Easy,,"Nintendo, Xenoblade",https://youtu.be/vspjvtHmIG8
Xenoblade Chronicles 3 ~ Keves Battle,Battle,Easy,,"Nintendo, Xenoblade",https://youtu.be/_sQnu-YKjL4
Xenoblade Chronicles 3 ~ Lost Days of Warmth,Cutscene,Tough,,"Nintendo, Xenoblade",https://youtu.be/TbehqVmhrUM
Xenoblade Chronicles 3 ~ Moebius Battle,"Battle, Boss",Easy,,"Nintendo, Xenoblade",https://youtu.be/q8Y-37ybYiM
Xenoblade Chronicles 3 ~ Off-Seer,"Screen, Other",Normal,,"Nintendo, Xenoblade",https://youtu.be/kPxRL2nta7I
Xenoblade Chronicles 3 ~ Ouroboros Awakening,Cutscene,Tough,,"Nintendo, Xenoblade",https://youtu.be/z04XtSPtg_Q
Xenoblade Chronicles 3 ~ Soldiers' Paean,"Locale, Town & City",Tough,,"Nintendo, Xenoblade",https://youtu.be/QDezA9hvrF8
Xenoblade Chronicles 3 ~ The Two Off-Seers,"Boss, Battle",Tough,,"Nintendo, Xenoblade",https://youtu.be/LAML_XBrcU4
Xenoblade Chronicles 3 ~ Young Warriors,Cutscene,Lunatic,,"Nintendo, Xenoblade",https://youtu.be/hQracuNWSyc
Xenoblade Chronicles 3 ~ Yzana Plains,"Locale, Nature",Easy,,"Nintendo, Xenoblade",https://youtu.be/JxeiVsNCKNQ
Xenoblade Chronicles FC ~ Bionis' Shoulder,Locale,Tough,,"Nintendo, Xenoblade",https://www.youtube.com/watch?v=WYbpj2wr16c
Xenoblade Chronicles FC ~ Bionis' Shoulder (Night),Locale,Tough,,"Nintendo, Xenoblade",https://www.youtube.com/watch?v=45ywca6k4Ig
Xenoblade Chronicles FC ~ Fogbeasts,Battle,Normal,,"Nintendo, Xenoblade",https://www.youtube.com/watch?v=HIh0BPK_WjE
Xenoblade Chronicles FC ~ Gran Dell,"Locale, Town & City",Lunatic,,"Nintendo, Xenoblade",https://www.youtube.com/watch?v=EA81Ms9WFqc
Xenoblade Chronicles FC ~ Gran Dell (Night),"Locale, Town & City",Lunatic,,"Nintendo, Xenoblade",https://www.youtube.com/watch?v=MSHWvd0KkNw
Xenoblade Chronicles FC ~ Time to Fight! (Bionis' Shoulder),Battle,Normal,,"Nintendo, Xenoblade",https://www.youtube.com/watch?v=gdqGq0rZ5LU
Xenoblade Chronicles X ~ NLA Shigai,"Locale, Town & City",Easy,,"Nintendo, Xenoblade",https://www.youtube.com/watch?v=1l9mJxZAaW0
Xenoblade Chronicles X ~ Noctilum,"Locale, Nature",Normal,,"Nintendo, Xenoblade",https://www.youtube.com/watch?v=LwAdGHq0VWY
Yakuza 0 ~ Baka Mitai (Kiryu),"Character, Vocals, Event",Easy,I've been a fool,"SEGA, Like a Dragon",https://www.youtube.com/watch?v=g3jCAyPai2Y
Yakuza 4 ~ Speed Star,Battle,Tough,,"SEGA, Like a Dragon",https://youtu.be/pcO0-WctUVw?si=1IGLHwzftmWFzfvG